Category Type,Capacity,Cabin #,Cat,Deck,Total Berths,Lower Bed Type1,Lower Bed Type2,Upper Berths,Accessible,Connects with,Location,Balcony,Obstructed View,Inventory,Notes,Tags,Status
1,2,1304,1B,10,4,2C,SD,,N,1308,MS,Y,N,1,,,AVAILABLE
1,3,1310,1B,10,4,2C,SD,,N,,MS,Y,N,1,,,AVAILABLE
1,4,1604,1B,10,4,2C,SD,,N,1608,MS,Y,N,1,,,AVAILABLE
2,2,1610,1B,10,4,2C,SD,,N,,MS,Y,N,2,,,AVAILABLE
2,3,6246,1B,6,3,2C,SB,,N,,MS,Y,N,3,,,AVAILABLE
2,4,6248,1B,6,3,2C,SB,,N,,MS,Y,N,4,,,AVAILABLE
3,2,6546,1B,6,3,2C,SB,,N,,MS,Y,N,2,,,AVAILABLE
3,3,6548,1B,6,3,2C,SB,,N,,MS,Y,N,3,,,AVAILABLE
3,4,7246,1B,7,3,2C,SB,,N,,MS,Y,N,4,,,AVAILABLE
1,3,7248,1B,7,3,2C,SB,,N,,MS,Y,N,1,,,AVAILABLE
1,3,7546,1B,7,3,2C,SB,,N,,MS,Y,N,1,,,AVAILABLE
1,3,7548,1B,7,3,2C,SB,,N,,MS,Y,N,1,,,AVAILABLE
1,3,9260,1B,9,3,2C,SB,,N,,MS,Y,N,1,,,AVAILABLE
1,3,9262,1B,9,3,2C,SB,,N,,MS,Y,N,1,,,AVAILABLE
1,4,9302,1B,9,4,2C,SD,,N,9300,MS,Y,N,1,,,AVAILABLE
1,4,9306,1B,9,4,2C,SD,,N,9304,MS,Y,N,1,,,AVAILABLE
1,3,9308,1B,9,3,2C,SB,,N,,MS,Y,N,1,,,AVAILABLE
1,3,9310,1B,9,3,2C,SB,,N,,MS,Y,N,1,,,AVAILABLE
1,4,9314,1B,9,4,2C,SD,,N,9312,MS,Y,N,1,,,AVAILABLE
1,4,9318,1B,9,4,2C,SD,,N,9316,MS,Y,N,1,,,AVAILABLE
1,3,9550,1B,9,3,2C,SB,,N,,MS,Y,N,1,,,AVAILABLE
1,3,9562,1B,9,3,2C,SB,,N,,MS,Y,N,1,,,AVAILABLE
1,3,9576,1B,9,3,2C,SB,,N,,MS,Y,N,1,,,AVAILABLE
1,4,9602,1B,9,4,2C,SD,,N,9600,MS,Y,N,1,,,AVAILABLE
1,4,9606,1B,9,4,2C,SD,,N,9604,MS,Y,N,1,,,AVAILABLE
1,3,9608,1B,9,3,2C,SB,,N,,MS,Y,N,1,,,AVAILABLE
1,3,9610,1B,9,3,2C,SB,,N,,MS,Y,N,1,,,AVAILABLE
1,4,9614,1B,9,4,2C,SD,,N,9612,MS,Y,N,1,,,AVAILABLE
1,4,9618,1B,9,4,2C,SD,,N,9616,MS,Y,N,1,,,AVAILABLE
1,2,6330,1D,6,4,2C,SD,,N,,MS,Y,N,1,,,AVAILABLE
1,3,6348,1D,6,4,2C,SD,,N,,MS,Y,N,1,,,AVAILABLE
1,4,6630,1D,6,4,2C,SD,,N,,MS,Y,N,1,,,AVAILABLE
2,2,6648,1D,6,4,2C,SD,,N,,MS,Y,N,2,,,AVAILABLE
2,3,7330,1D,7,4,2C,SD,,N,,MS,Y,N,3,,,AVAILABLE
2,4,7348,1D,7,4,2C,SD,,N,,MS,Y,N,4,,,AVAILABLE
3,2,7630,1D,7,4,2C,SD,,N,,MS,Y,N,2,,,AVAILABLE
3,3,7648,1D,7,4,2C,SD,,N,,MS,Y,N,3,,,AVAILABLE
3,4,X001,1D,7,4,2C,SD,,N,,MS,Y,N,4,,,AVAILABLE
1,4,2268,1K,2,6,2C,2C,2,N,,MS,N,N,1,,,AVAILABLE
1,5,2568,1K,2,6,2C,2C,2,N,,MS,N,N,1,,,AVAILABLE
1,6,6200,1K,6,6,2C,2C,2,N,,FW,N,N,1,,,AVAILABLE
1,6,6500,1K,6,6,2C,2C,2,N,,FW,N,N,1,,,AVAILABLE
1,6,7200,1K,7,6,2C,2C,2,N,,FW,N,N,1,,,AVAILABLE
1,6,7500,1K,7,6,2C,2C,2,N,,FW,N,N,1,,,AVAILABLE
1,6,8200,1K,8,6,2C,2C,2,N,,FW,N,N,1,,,AVAILABLE
1,6,8500,1K,8,6,2C,2C,2,N,,FW,N,N,1,,,AVAILABLE
1,6,9200,1K,9,6,2C,2C,2,N,,FW,N,N,1,,,AVAILABLE
1,6,9500,1K,9,6,2C,2C,2,N,,FW,N,N,1,,,AVAILABLE
1,2,1100,1L,11,4,2C,SD,,N,,FW,N,N,1,,,AVAILABLE
1,3,1150,1L,11,4,2C,SD,,N,,FW,N,N,1,,,AVAILABLE
1,4,1802,1L,12,4,2C,SD,,N,,FW,N,N,1,,,AVAILABLE
2,2,1806,1L,12,2,2C,,,N,,FW,N,N,2,,,AVAILABLE
2,3,1808,1L,12,4,2C,SD,,N,,FW,N,N,3,,,AVAILABLE
2,4,1810,1L,12,4,2C,SD,,N,,FW,N,N,4,,,AVAILABLE
3,2,1812,1L,12,4,2C,SD,,N,,FW,N,N,2,,,AVAILABLE
3,3,1814,1L,12,4,2C,SD,,Y,,FW,N,N,3,,,AVAILABLE
3,4,1816,1L,12,2,2C,,,N,,FW,N,N,4,,,AVAILABLE
1,2,1818,1L,12,2,2C,,,N,,FW,N,N,1,,,AVAILABLE
1,4,1820,1L,12,4,2C,SD,,N,,FW,N,N,1,,,AVAILABLE
1,4,1822,1L,12,4,2C,SD,,N,,FW,N,N,1,,,AVAILABLE
1,4,1824,1L,12,4,2C,SD,,N,,FW,N,N,1,,,AVAILABLE
1,2,1826,1L,12,2,2C,,,N,,FW,N,N,1,,,AVAILABLE
1,4,1852,1L,12,4,2C,SD,,N,,FW,N,N,1,,,AVAILABLE
1,2,1856,1L,12,2,2C,,,N,,FW,N,N,1,,,AVAILABLE
1,4,1858,1L,12,4,2C,SD,,N,,FW,N,N,1,,,AVAILABLE
1,4,1860,1L,12,4,2C,SD,,N,,FW,N,N,1,,,AVAILABLE
1,4,1862,1L,12,4,2C,SD,,N,,FW,N,N,1,,,AVAILABLE
1,4,1864,1L,12,4,2C,SD,,N,,FW,N,N,1,,,AVAILABLE
1,2,1866,1L,12,2,2C,,,N,,FW,N,N,1,,,AVAILABLE
1,2,1868,1L,12,2,2C,,,N,,FW,N,N,1,,,AVAILABLE
1,4,1870,1L,12,4,2C,SD,,N,,FW,N,N,1,,,AVAILABLE
1,4,1872,1L,12,4,2C,SD,,N,,FW,N,N,1,,,AVAILABLE
1,4,1874,1L,12,4,2C,SD,,N,,FW,N,N,1,,,AVAILABLE
1,2,1876,1L,12,2,2C,,,N,,FW,N,N,1,,,AVAILABLE
1,2,2250,1N,2,4,2C,,2,N,,MS,N,N,1,,,AVAILABLE
1,3,2252,1N,2,4,2C,,2,N,2254,MS,N,N,1,,,AVAILABLE
1,4,2260,1N,2,4,2C,,2,N,,MS,N,N,1,,,AVAILABLE
2,2,2264,1N,2,4,2C,,2,N,,MS,N,N,2,,,AVAILABLE
2,3,2282,1N,2,4,2C,,2,N,,MS,N,N,3,,,AVAILABLE
2,4,2284,1N,2,4,2C,,2,N,2286,MS,N,N,4,,,AVAILABLE
3,2,2288,1N,2,4,2C,,2,N,,MS,N,N,2,,,AVAILABLE
3,3,2292,1N,2,4,2C,,2,N,,MS,N,N,3,,,AVAILABLE
3,4,2304,1N,2,4,2C,,2,N,2302,MS,N,N,4,,,AVAILABLE
1,4,2314,1N,2,4,2C,,2,N,2312,MS,N,N,1,,,AVAILABLE
1,4,2322,1N,2,4,2C,,2,N,2324,MS,N,N,1,,,AVAILABLE
1,4,2324,1N,2,4,2C,,2,N,2322,MS,N,N,1,,,AVAILABLE
1,4,2330,1N,2,4,2C,,2,N,2332,MS,N,N,1,,,AVAILABLE
1,4,2336,1N,2,4,2C,,2,N,2334,MS,N,N,1,,,AVAILABLE
1,4,2338,1N,2,4,2C,,2,N,,MS,N,N,1,,,AVAILABLE
1,4,2544,1N,2,4,2C,,2,N,,MS,N,N,1,,,AVAILABLE
1,4,2546,1N,2,4,2C,,2,N,,MS,N,N,1,,,AVAILABLE
1,4,2548,1N,2,4,2C,,2,N,,MS,N,N,1,,,AVAILABLE
1,4,2552,1N,2,4,2C,,2,N,2554,MS,N,N,1,,,AVAILABLE
1,4,2560,1N,2,4,2C,,2,N,,MS,N,N,1,,,AVAILABLE
1,4,2564,1N,2,4,2C,,2,N,,MS,N,N,1,,,AVAILABLE
1,4,2582,1N,2,4,2C,,2,N,2580,MS,N,N,1,,,AVAILABLE
1,4,2584,1N,2,4,2C,,2,N,2586,MS,N,N,1,,,AVAILABLE
1,4,2588,1N,2,4,2C,,2,N,,MS,N,N,1,,,AVAILABLE
1,4,2594,1N,2,4,2C,,2,N,,MS,N,N,1,,,AVAILABLE
1,4,2604,1N,2,4,2C,,2,N,2602,MS,N,N,1,,,AVAILABLE
1,4,2614,1N,2,4,2C,,2,N,2612,MS,N,N,1,,,AVAILABLE
1,4,2622,1N,2,4,2C,,2,N,,MS,N,N,1,,,AVAILABLE
1,4,2624,1N,2,4,2C,,2,N,,MS,N,N,1,,,AVAILABLE
1,4,2636,1N,2,4,2C,,2,N,,MS,N,N,1,,,AVAILABLE
1,4,2638,1N,2,4,2C,,2,N,,MS,N,N,1,,,AVAILABLE
1,4,3244,1N,3,4,2C,,2,N,,MS,N,N,1,,,AVAILABLE
1,4,3246,1N,3,4,2C,,2,N,,MS,N,N,1,,,AVAILABLE
1,4,3248,1N,3,4,2C,,2,N,,MS,N,N,1,,,AVAILABLE
1,4,3250,1N,3,4,2C,,2,N,,MS,N,N,1,,,AVAILABLE
1,4,3254,1N,3,4,2C,,2,N,3252,MS,N,N,1,,,AVAILABLE
1,4,3256,1N,3,4,2C,,2,N,,MS,N,N,1,,,AVAILABLE
1,4,3258,1N,3,4,2C,,2,N,,MS,N,N,1,,,AVAILABLE
1,4,3260,1N,3,4,2C,,2,N,,MS,N,N,1,,,AVAILABLE
1,4,3262,1N,3,4,2C,,2,N,,MS,N,N,1,,,AVAILABLE
1,4,3264,1N,3,4,2C,,2,N,3266,MS,N,N,1,,,AVAILABLE
1,4,3266,1N,3,4,2C,,2,N,3264,MS,N,N,1,,,AVAILABLE
1,4,3268,1N,3,4,2C,,2,N,,MS,N,N,1,,,AVAILABLE
1,4,3302,1N,3,4,2C,,2,N,3300,MS,N,N,1,,,AVAILABLE
1,4,3312,1N,3,4,2C,,2,N,3314,MS,N,N,1,,,AVAILABLE
1,4,3318,1N,3,4,2C,,2,N,3316,MS,N,N,1,,,AVAILABLE
1,4,3544,1N,3,4,2C,,2,N,,MS,N,N,1,,,AVAILABLE
1,4,3546,1N,3,4,2C,,2,N,,MS,N,N,1,,,AVAILABLE
1,4,3548,1N,3,4,2C,,2,N,,MS,N,N,1,,,AVAILABLE
1,4,3550,1N,3,4,2C,,2,N,,MS,N,N,1,,,AVAILABLE
1,4,3554,1N,3,4,2C,,2,N,3552,MS,N,N,1,,,AVAILABLE
1,4,3556,1N,3,4,2C,,2,N,,MS,N,N,1,,,AVAILABLE
1,4,3558,1N,3,4,2C,,2,N,,MS,N,N,1,,,AVAILABLE
1,4,3560,1N,3,4,2C,,2,N,,MS,N,N,1,,,AVAILABLE
1,4,3562,1N,3,4,2C,,2,N,,MS,N,N,1,,,AVAILABLE
1,4,3564,1N,3,4,2C,,2,N,3566,MS,N,N,1,,,AVAILABLE
1,4,3566,1N,3,4,2C,,2,N,3564,MS,N,N,1,,,AVAILABLE
1,4,3568,1N,3,4,2C,,2,N,,MS,N,N,1,,,AVAILABLE
1,4,3602,1N,3,4,2C,,2,N,3600,MS,N,N,1,,,AVAILABLE
1,4,3612,1N,3,4,2C,,2,N,3614,MS,N,N,1,,,AVAILABLE
1,4,3618,1N,3,4,2C,,2,N,3616,MS,N,N,1,,,AVAILABLE
1,4,7307,1Q,7,6,2C,2C,2,N,,MS,N,N,1,,,AVAILABLE
1,5,7607,1Q,7,6,2C,2C,2,N,,MS,N,N,1,,,AVAILABLE
1,6,8307,1Q,8,6,2C,2C,2,N,,MS,N,N,1,,,AVAILABLE
1,6,8607,1Q,8,6,2C,2C,2,N,,MS,N,N,1,,,AVAILABLE
1,4,2309,1R,2,6,2C,2C,2,N,,MS,N,N,1,,,AVAILABLE
1,5,2313,1R,2,6,2C,2C,2,N,,MS,N,N,1,,,AVAILABLE
1,2,1253,1V,10,4,2C,,2,N,,MS,N,N,1,,,AVAILABLE
1,3,1255,1V,10,4,2C,,2,N,,MS,N,N,1,,,AVAILABLE
1,4,1257,1V,10,4,2C,,2,N,,MS,N,N,1,,,AVAILABLE
2,2,1307,1V,10,4,2C,,2,N,1305,MS,N,N,2,,,AVAILABLE
2,3,1553,1V,10,4,2C,,2,N,,MS,N,N,3,,,AVAILABLE
2,4,1555,1V,10,4,2C,,2,N,,MS,N,N,4,,,AVAILABLE
3,2,1557,1V,10,4,2C,,2,N,,MS,N,N,2,,,AVAILABLE
3,3,1559,1V,10,4,2C,,2,N,,MS,N,N,3,,,AVAILABLE
3,4,1561,1V,10,4,2C,,2,N,,MS,N,N,4,,,AVAILABLE
1,4,1563,1V,10,4,2C,,2,N,,MS,N,N,1,,,AVAILABLE
1,4,1607,1V,10,4,2C,,2,N,1605,MS,N,N,1,,,AVAILABLE
1,4,1621,1V,10,4,2C,,2,N,,MS,N,N,1,,,AVAILABLE
1,4,1623,1V,10,4,2C,,2,N,,MS,N,N,1,,,AVAILABLE
1,4,2611,1V,2,4,2C,,2,N,2609,MS,N,N,1,,,AVAILABLE
1,4,2615,1V,2,4,2C,,2,N,2613,MS,N,N,1,,,AVAILABLE
1,4,3607,1V,3,4,2C,,2,N,3605,MS,N,N,1,,,AVAILABLE
1,4,3613,1V,3,4,2C,,2,N,3615,MS,N,N,1,,,AVAILABLE
1,4,9307,1V,9,4,2C,,2,N,9305,MS,N,N,1,,,AVAILABLE
1,4,9311,1V,9,4,2C,,2,N,9309,MS,N,N,1,,,AVAILABLE
1,4,9315,1V,9,4,2C,,2,N,9313,MS,N,N,1,,,AVAILABLE
1,4,9553,1V,9,4,2C,SD,,Y,,MS,N,N,1,,,AVAILABLE
1,4,9557,1V,9,4,2C,SD,,Y,,MS,N,N,1,,,AVAILABLE
1,4,9561,1V,9,4,2C,SD,,Y,,MS,N,N,1,,,AVAILABLE
1,4,9607,1V,9,4,2C,,2,N,9605,MS,N,N,1,,,AVAILABLE
1,4,9611,1V,9,4,2C,,2,N,9609,MS,N,N,1,,,AVAILABLE
1,4,9615,1V,9,4,2C,,2,N,9613,MS,N,N,1,,,AVAILABLE
1,2,1270,2B,10,2,2C,,,N,1274,MS,Y,N,1,,,AVAILABLE
2,2,1288,2B,10,2,2C,,,N,1286,MS,Y,N,1,,,AVAILABLE
3,2,1308,2B,10,2,2C,,,N,1304,MS,Y,N,2,,,AVAILABLE
1,2,1318,2B,10,2,2C,,,N,,MS,Y,N,2,,,AVAILABLE
1,2,1330,2B,10,2,2C,,,N,,MS,Y,N,1,,,AVAILABLE
1,2,1570,2B,10,2,2C,,,N,1574,MS,Y,N,1,,,AVAILABLE
1,2,1588,2B,10,2,2C,,,N,1586,MS,Y,N,1,,,AVAILABLE
1,2,1608,2B,10,2,2C,,,N,1604,MS,Y,N,1,,,AVAILABLE
1,2,1618,2B,10,2,2C,,,N,,MS,Y,N,1,,,AVAILABLE
1,2,1630,2B,10,2,2C,,,N,1628,MS,Y,N,1,,,AVAILABLE
1,2,8246,2B,8,2,2C,,,N,,MS,Y,N,1,,,AVAILABLE
1,2,8248,2B,8,2,2C,,,N,,MS,Y,N,1,,,AVAILABLE
1,2,8546,2B,8,2,2C,,,N,,MS,Y,N,1,,,AVAILABLE
1,2,8548,2B,8,2,2C,,,N,,MS,Y,N,1,,,AVAILABLE
1,2,9250,2B,9,2,2C,,,N,,MS,Y,N,1,,,AVAILABLE
1,2,9252,2B,9,2,2C,,,N,,MS,Y,N,1,,,AVAILABLE
1,2,9276,2B,9,2,2C,,,N,,MS,Y,N,1,,,AVAILABLE
1,2,9278,2B,9,2,2C,,,N,,MS,Y,N,1,,,AVAILABLE
1,2,9286,2B,9,2,2C,,,N,,MS,Y,N,1,,,AVAILABLE
1,2,9288,2B,9,2,2C,,,N,,MS,Y,N,1,,,AVAILABLE
1,2,9290,2B,9,2,2C,,,N,,MS,Y,N,1,,,AVAILABLE
1,2,9292,2B,9,2,2C,,,N,,MS,Y,N,1,,,AVAILABLE
1,2,9300,2B,9,2,2C,,,N,9302,MS,Y,N,1,,,AVAILABLE
1,2,9304,2B,9,2,2C,,,N,9306,MS,Y,N,1,,,AVAILABLE
1,2,9312,2B,9,2,2C,,,N,9314,MS,Y,N,1,,,AVAILABLE
1,2,9316,2B,9,2,2C,,,N,9318,MS,Y,N,1,,,AVAILABLE
1,2,9320,2B,9,2,2C,,,N,,MS,Y,N,1,,,AVAILABLE
1,2,9322,2B,9,2,2C,,,N,,MS,Y,N,1,,,AVAILABLE
1,2,9330,2B,9,2,2C,,,N,,MS,Y,N,1,,,AVAILABLE
1,2,9332,2B,9,2,2C,,,N,9334,MS,Y,N,1,,,AVAILABLE
1,2,9340,2B,9,2,2C,,,N,,MS,Y,N,1,,,AVAILABLE
1,2,9342,2B,9,2,2C,,,N,,MS,Y,N,1,,,AVAILABLE
1,2,9552,2B,9,2,2C,,,N,,MS,Y,N,1,,,AVAILABLE
1,2,9560,2B,9,2,2C,,,N,,MS,Y,N,1,,,AVAILABLE
1,2,9578,2B,9,2,2C,,,N,,MS,Y,N,1,,,AVAILABLE
1,2,9586,2B,9,2,2C,,,N,,MS,Y,N,1,,,AVAILABLE
1,2,9588,2B,9,2,2C,,,N,,MS,Y,N,1,,,AVAILABLE
1,2,9590,2B,9,2,2C,,,N,,MS,Y,N,1,,,AVAILABLE
1,2,9592,2B,9,2,2C,,,N,,MS,Y,N,1,,,AVAILABLE
1,2,9600,2B,9,2,2C,,,N,9602,MS,Y,N,1,,,AVAILABLE
1,2,9604,2B,9,2,2C,,,N,9606,MS,Y,N,1,,,AVAILABLE
1,2,9612,2B,9,2,2C,,,N,9614,MS,Y,N,1,,,AVAILABLE
1,2,9616,2B,9,2,2C,,,N,9618,MS,Y,N,1,,,AVAILABLE
1,2,9620,2B,9,2,2C,,,N,,MS,Y,N,1,,,AVAILABLE
1,2,9622,2B,9,2,2C,,,N,,MS,Y,N,1,,,AVAILABLE
1,2,9630,2B,9,2,2C,,,N,,MS,Y,N,1,,,AVAILABLE
1,2,9632,2B,9,2,2C,,,N,9634,MS,Y,N,1,,,AVAILABLE
1,2,9640,2B,9,2,2C,,,N,,MS,Y,N,1,,,AVAILABLE
1,2,9642,2B,9,2,2C,,,N,,MS,Y,N,1,,,AVAILABLE
1,2,6252,2D,6,2,2C,,,N,,MS,Y,N,1,,,AVAILABLE
1,3,6256,2D,6,2,2C,,,N,,MS,Y,N,1,,,AVAILABLE
2,2,6258,2D,6,2,2C,,,N,,MS,Y,N,2,,,AVAILABLE
2,3,6260,2D,6,2,2C,,,N,,MS,Y,N,3,,,AVAILABLE
3,2,6262,2D,6,2,2C,,,N,,MS,Y,N,2,,,AVAILABLE
3,3,6264,2D,6,2,2C,,,N,,MS,Y,N,3,,,AVAILABLE
1,2,6266,2D,6,2,2C,,,N,,MS,Y,N,1,,,AVAILABLE
1,2,6268,2D,6,2,2C,,,N,,MS,Y,N,1,,,AVAILABLE
1,2,6270,2D,6,2,2C,,,N,,MS,Y,N,1,,,AVAILABLE
1,2,6272,2D,6,2,2C,,,N,,MS,Y,N,1,,,AVAILABLE
1,2,6274,2D,6,2,2C,,,N,,MS,Y,N,1,,,AVAILABLE
1,2,6276,2D,6,2,2C,,,N,,MS,Y,N,1,,,AVAILABLE
1,2,6278,2D,6,2,2C,,,N,,MS,Y,N,1,,,AVAILABLE
1,2,6280,2D,6,2,2C,,,N,,MS,Y,N,1,,,AVAILABLE
1,2,6282,2D,6,2,2C,,,N,,MS,Y,N,1,,,AVAILABLE
1,2,6284,2D,6,2,2C,,,N,,MS,Y,N,1,,,AVAILABLE
1,2,6286,2D,6,2,2C,,,N,,MS,Y,N,1,,,AVAILABLE
1,2,6288,2D,6,2,2C,,,N,,MS,Y,N,1,,,AVAILABLE
1,2,6290,2D,6,2,2C,,,N,,MS,Y,N,1,,,AVAILABLE
1,2,6296,2D,6,2,2C,,,N,,MS,Y,N,1,,,AVAILABLE
1,2,6300,2D,6,2,2C,,,N,6302,MS,Y,N,1,,,AVAILABLE
1,2,6308,2D,6,2,2C,,,N,,MS,Y,N,1,,,AVAILABLE
1,2,6312,2D,6,2,2C,,,N,6310,MS,Y,N,1,,,AVAILABLE
1,2,6314,2D,6,2,2C,,,N,,MS,Y,N,1,,,AVAILABLE
1,2,6320,2D,6,2,2C,,,Y,,MS,Y,N,1,,,AVAILABLE
1,2,6324,2D,6,2,2C,,,Y,,MS,Y,N,1,,,AVAILABLE
1,2,6332,2D,6,2,2C,,,N,,MS,Y,N,1,,,AVAILABLE
1,2,6334,2D,6,2,2C,,,N,,MS,Y,N,1,,,AVAILABLE
1,2,6336,2D,6,2,2C,,,N,,MS,Y,N,1,,,AVAILABLE
1,2,6338,2D,6,2,2C,,,N,,MS,Y,N,1,,,AVAILABLE
1,2,6340,2D,6,2,2C,,,N,,MS,Y,N,1,,,AVAILABLE
1,2,6342,2D,6,2,2C,,,N,,MS,Y,N,1,,,AVAILABLE
1,2,6344,2D,6,2,2C,,,N,,MS,Y,N,1,,,AVAILABLE
1,2,6346,2D,6,2,2C,,,N,,MS,Y,N,1,,,AVAILABLE
1,2,6552,2D,6,2,2C,,,N,,MS,Y,N,1,,,AVAILABLE
1,2,6556,2D,6,2,2C,,,N,,MS,Y,N,1,,,AVAILABLE
1,2,6558,2D,6,2,2C,,,N,,MS,Y,N,1,,,AVAILABLE
1,2,6560,2D,6,2,2C,,,N,,MS,Y,N,1,,,AVAILABLE
1,2,6562,2D,6,2,2C,,,N,,MS,Y,N,1,,,AVAILABLE
1,2,6564,2D,6,2,2C,,,N,,MS,Y,N,1,,,AVAILABLE
1,2,6566,2D,6,2,2C,,,N,,MS,Y,N,1,,,AVAILABLE
1,2,6568,2D,6,2,2C,,,N,,MS,Y,N,1,,,AVAILABLE
1,2,6570,2D,6,2,2C,,,N,,MS,Y,N,1,,,AVAILABLE
1,2,6572,2D,6,2,2C,,,N,,MS,Y,N,1,,,AVAILABLE
1,2,6574,2D,6,2,2C,,,N,,MS,Y,N,1,,,AVAILABLE
1,2,6576,2D,6,2,2C,,,N,,MS,Y,N,1,,,AVAILABLE
1,2,6578,2D,6,2,2C,,,N,,MS,Y,N,1,,,AVAILABLE
1,2,6580,2D,6,2,2C,,,N,,MS,Y,N,1,,,AVAILABLE
1,2,6582,2D,6,2,2C,,,N,,MS,Y,N,1,,,AVAILABLE
1,2,6584,2D,6,2,2C,,,N,,MS,Y,N,1,,,AVAILABLE
1,2,6586,2D,6,2,2C,,,N,,MS,Y,N,1,,,AVAILABLE
1,2,6590,2D,6,2,2C,,,N,,MS,Y,N,1,,,AVAILABLE
1,2,6596,2D,6,2,2C,,,N,,MS,Y,N,1,,,AVAILABLE
1,2,6600,2D,6,2,2C,,,N,6602,MS,Y,N,1,,,AVAILABLE
1,2,6608,2D,6,2,2C,,,N,,MS,Y,N,1,,,AVAILABLE
1,2,6612,2D,6,2,2C,,,N,6610,MS,Y,N,1,,,AVAILABLE
1,2,6614,2D,6,2,2C,,,N,,MS,Y,N,1,,,AVAILABLE
1,2,6620,2D,6,2,2C,,,Y,,MS,Y,N,1,,,AVAILABLE
1,2,6624,2D,6,2,2C,,,Y,,MS,Y,N,1,,,AVAILABLE
1,2,6632,2D,6,2,2C,,,N,,MS,Y,N,1,,,AVAILABLE
1,2,6634,2D,6,2,2C,,,N,,MS,Y,N,1,,,AVAILABLE
1,2,6636,2D,6,2,2C,,,N,,MS,Y,N,1,,,AVAILABLE
1,2,6638,2D,6,2,2C,,,N,,MS,Y,N,1,,,AVAILABLE
1,2,6640,2D,6,2,2C,,,N,,MS,Y,N,1,,,AVAILABLE
1,2,6642,2D,6,2,2C,,,N,,MS,Y,N,1,,,AVAILABLE
1,2,6644,2D,6,2,2C,,,N,,MS,Y,N,1,,,AVAILABLE
1,2,6646,2D,6,2,2C,,,N,,MS,Y,N,1,,,AVAILABLE
1,2,7252,2D,7,2,2C,,,N,,MS,Y,N,1,,,AVAILABLE
1,2,7256,2D,7,2,2C,,,N,7254,MS,Y,N,1,,,AVAILABLE
1,2,7258,2D,7,2,2C,,,N,,MS,Y,N,1,,,AVAILABLE
1,2,7260,2D,7,2,2C,,,N,,MS,Y,N,1,,,AVAILABLE
1,2,7266,2D,7,2,2C,,,N,,MS,Y,N,1,,,AVAILABLE
1,2,7268,2D,7,2,2C,,,N,,MS,Y,N,1,,,AVAILABLE
1,2,7270,2D,7,2,2C,,,N,,MS,Y,N,1,,,AVAILABLE
1,2,7272,2D,7,2,2C,,,N,,MS,Y,N,1,,,AVAILABLE
1,2,7274,2D,7,2,2C,,,N,,MS,Y,N,1,,,AVAILABLE
1,2,7276,2D,7,2,2C,,,N,,MS,Y,N,1,,,AVAILABLE
1,2,7278,2D,7,2,2C,,,N,,MS,Y,N,1,,,AVAILABLE
1,2,7280,2D,7,2,2C,,,N,,MS,Y,N,1,,,AVAILABLE
1,2,7282,2D,7,2,2C,,,N,,MS,Y,N,1,,,AVAILABLE
1,2,7284,2D,7,2,2C,,,N,,MS,Y,N,1,,,AVAILABLE
1,2,7286,2D,7,2,2C,,,N,,MS,Y,N,1,,,AVAILABLE
1,2,7288,2D,7,2,2C,,,N,,MS,Y,N,1,,,AVAILABLE
1,2,7290,2D,7,2,2C,,,N,,MS,Y,N,1,,,AVAILABLE
1,2,7296,2D,7,2,2C,,,N,,MS,Y,N,1,,,AVAILABLE
1,2,7306,2D,7,2,2C,,,N,7304,MS,Y,N,1,,,AVAILABLE
1,2,7308,2D,7,2,2C,,,N,,MS,Y,N,1,,,AVAILABLE
1,2,7312,2D,7,2,2C,,,N,7314,MS,Y,N,1,,,AVAILABLE
1,2,7320,2D,7,2,2C,,,Y,,MS,Y,N,1,,,AVAILABLE
1,2,7324,2D,7,2,2C,,,Y,,MS,Y,N,1,,,AVAILABLE
1,2,7332,2D,7,2,2C,,,N,,MS,Y,N,1,,,AVAILABLE
1,2,7334,2D,7,2,2C,,,N,,MS,Y,N,1,,,AVAILABLE
1,2,7336,2D,7,2,2C,,,N,,MS,Y,N,1,,,AVAILABLE
1,2,7338,2D,7,2,2C,,,N,,MS,Y,N,1,,,AVAILABLE
1,2,7340,2D,7,2,2C,,,N,,MS,Y,N,1,,,AVAILABLE
1,2,7342,2D,7,2,2C,,,N,,MS,Y,N,1,,,AVAILABLE
1,2,7344,2D,7,2,2C,,,N,,MS,Y,N,1,,,AVAILABLE
1,2,7346,2D,7,2,2C,,,N,,MS,Y,N,1,,,AVAILABLE
1,2,7544,2D,7,2,2C,,,N,,MS,Y,N,1,,,AVAILABLE
1,2,7552,2D,7,2,2C,,,N,,MS,Y,N,1,,,AVAILABLE
1,2,7558,2D,7,2,2C,,,N,,MS,Y,N,1,,,AVAILABLE
1,2,7560,2D,7,2,2C,,,N,,MS,Y,N,1,,,AVAILABLE
1,2,7566,2D,7,2,2C,,,N,,MS,Y,N,1,,,AVAILABLE
1,2,7568,2D,7,2,2C,,,N,,MS,Y,N,1,,,AVAILABLE
1,2,7570,2D,7,2,2C,,,N,,MS,Y,N,1,,,AVAILABLE
1,2,7572,2D,7,2,2C,,,N,,MS,Y,N,1,,,AVAILABLE
1,2,7574,2D,7,2,2C,,,N,,MS,Y,N,1,,,AVAILABLE
1,2,7576,2D,7,2,2C,,,N,,MS,Y,N,1,,,AVAILABLE
1,2,7578,2D,7,2,2C,,,N,,MS,Y,N,1,,,AVAILABLE
1,2,7580,2D,7,2,2C,,,N,,MS,Y,N,1,,,AVAILABLE
1,2,7582,2D,7,2,2C,,,N,,MS,Y,N,1,,,AVAILABLE
1,2,7584,2D,7,2,2C,,,N,,MS,Y,N,1,,,AVAILABLE
1,2,7586,2D,7,2,2C,,,N,,MS,Y,N,1,,,AVAILABLE
1,2,7588,2D,7,2,2C,,,N,,MS,Y,N,1,,,AVAILABLE
1,2,7590,2D,7,2,2C,,,N,,MS,Y,N,1,,,AVAILABLE
1,2,7596,2D,7,2,2C,,,N,,MS,Y,N,1,,,AVAILABLE
1,2,7602,2D,7,2,2C,,,N,7600,MS,Y,N,1,,,AVAILABLE
1,2,7608,2D,7,2,2C,,,N,,MS,Y,N,1,,,AVAILABLE
1,2,7620,2D,7,2,2C,,,Y,,MS,Y,N,1,,,AVAILABLE
1,2,7624,2D,7,2,2C,,,Y,,MS,Y,N,1,,,AVAILABLE
1,2,7632,2D,7,2,2C,,,N,,MS,Y,N,1,,,AVAILABLE
1,2,7634,2D,7,2,2C,,,N,,MS,Y,N,1,,,AVAILABLE
1,2,7636,2D,7,2,2C,,,N,,MS,Y,N,1,,,AVAILABLE
1,2,7638,2D,7,2,2C,,,N,,MS,Y,N,1,,,AVAILABLE
1,2,7640,2D,7,2,2C,,,N,,MS,Y,N,1,,,AVAILABLE
1,2,7642,2D,7,2,2C,,,N,,MS,Y,N,1,,,AVAILABLE
1,2,7644,2D,7,2,2C,,,N,,MS,Y,N,1,,,AVAILABLE
1,2,7646,2D,7,2,2C,,,N,,MS,Y,N,1,,,AVAILABLE
1,2,8244,2D,8,2,2C,,,N,,MS,Y,N,1,,,AVAILABLE
1,2,8250,2D,8,2,2C,,,N,,MS,Y,N,1,,,AVAILABLE
1,2,8252,2D,8,2,2C,,,N,,MS,Y,N,1,,,AVAILABLE
1,2,8254,2D,8,2,2C,,,N,,MS,Y,N,1,,,AVAILABLE
1,2,8256,2D,8,2,2C,,,N,,MS,Y,N,1,,,AVAILABLE
1,2,8258,2D,8,2,2C,,,N,,MS,Y,N,1,,,AVAILABLE
1,2,8264,2D,8,2,2C,,,N,,MS,Y,N,1,,,AVAILABLE
1,2,8266,2D,8,2,2C,,,N,,MS,Y,N,1,,,AVAILABLE
1,2,8268,2D,8,2,2C,,,N,,MS,Y,N,1,,,AVAILABLE
1,2,8270,2D,8,2,2C,,,N,,MS,Y,N,1,,,AVAILABLE
1,2,8272,2D,8,2,2C,,,N,,MS,Y,N,1,,,AVAILABLE
1,2,8274,2D,8,2,2C,,,N,,MS,Y,N,1,,,AVAILABLE
1,2,8276,2D,8,2,2C,,,N,,MS,Y,N,1,,,AVAILABLE
1,2,8278,2D,8,2,2C,,,N,,MS,Y,N,1,,,AVAILABLE
1,2,8280,2D,8,2,2C,,,N,,MS,Y,N,1,,,AVAILABLE
1,2,8282,2D,8,2,2C,,,N,,MS,Y,N,1,,,AVAILABLE
1,2,8284,2D,8,2,2C,,,N,,MS,Y,N,1,,,AVAILABLE
1,2,8286,2D,8,2,2C,,,N,,MS,Y,N,1,,,AVAILABLE
1,2,8288,2D,8,2,2C,,,N,,MS,Y,N,1,,,AVAILABLE
1,2,8290,2D,8,2,2C,,,N,,MS,Y,N,1,,,AVAILABLE
1,2,8292,2D,8,2,2C,,,N,,MS,Y,N,1,,,AVAILABLE
1,2,8294,2D,8,2,2C,,,N,,MS,Y,N,1,,,AVAILABLE
1,2,8296,2D,8,2,2C,,,N,,MS,Y,N,1,,,AVAILABLE
1,2,8298,2D,8,2,2C,,,N,,MS,Y,N,1,,,AVAILABLE
1,2,8308,2D,8,2,2C,,,N,,MS,Y,N,1,,,AVAILABLE
1,2,8310,2D,8,2,2C,,,N,,MS,Y,N,1,,,AVAILABLE
1,2,8320,2D,8,2,2C,,,N,,MS,Y,N,1,,,AVAILABLE
1,2,8322,2D,8,2,2C,,,N,,MS,Y,N,1,,,AVAILABLE
1,2,8324,2D,8,2,2C,,,N,,MS,Y,N,1,,,AVAILABLE
1,2,8330,2D,8,2,2C,,,N,,MS,Y,N,1,,,AVAILABLE
1,2,8332,2D,8,2,2C,,,N,,MS,Y,N,1,,,AVAILABLE
1,2,8334,2D,8,2,2C,,,N,,MS,Y,N,1,,,AVAILABLE
1,2,8336,2D,8,2,2C,,,N,,MS,Y,N,1,,,AVAILABLE
1,2,8338,2D,8,2,2C,,,N,,MS,Y,N,1,,,AVAILABLE
1,2,8340,2D,8,2,2C,,,N,,MS,Y,N,1,,,AVAILABLE
1,2,8342,2D,8,2,2C,,,N,,MS,Y,N,1,,,AVAILABLE
1,2,8344,2D,8,2,2C,,,N,,MS,Y,N,1,,,AVAILABLE
1,2,8346,2D,8,2,2C,,,N,,MS,Y,N,1,,,AVAILABLE
1,2,8348,2D,8,2,2C,,,N,,MS,Y,N,1,,,AVAILABLE
1,2,8544,2D,8,2,2C,,,N,,MS,Y,N,1,,,AVAILABLE
1,2,8550,2D,8,2,2C,,,N,,MS,Y,N,1,,,AVAILABLE
1,2,8552,2D,8,2,2C,,,N,,MS,Y,N,1,,,AVAILABLE
1,2,8554,2D,8,2,2C,,,N,,MS,Y,N,1,,,AVAILABLE
1,2,8556,2D,8,2,2C,,,N,,MS,Y,N,1,,,AVAILABLE
1,2,8558,2D,8,2,2C,,,N,,MS,Y,N,1,,,AVAILABLE
1,2,8560,2D,8,2,2C,,,N,,MS,Y,N,1,,,AVAILABLE
1,2,8562,2D,8,2,2C,,,N,,MS,Y,N,1,,,AVAILABLE
1,2,8564,2D,8,2,2C,,,N,,MS,Y,N,1,,,AVAILABLE
1,2,8566,2D,8,2,2C,,,N,,MS,Y,N,1,,,AVAILABLE
1,2,8568,2D,8,2,2C,,,N,,MS,Y,N,1,,,AVAILABLE
1,2,8570,2D,8,2,2C,,,N,,MS,Y,N,1,,,AVAILABLE
1,2,8572,2D,8,2,2C,,,N,,MS,Y,N,1,,,AVAILABLE
1,2,8574,2D,8,2,2C,,,N,,MS,Y,N,1,,,AVAILABLE
1,2,8576,2D,8,2,2C,,,N,,MS,Y,N,1,,,AVAILABLE
1,2,8578,2D,8,2,2C,,,N,,MS,Y,N,1,,,AVAILABLE
1,2,8580,2D,8,2,2C,,,N,,MS,Y,N,1,,,AVAILABLE
1,2,8582,2D,8,2,2C,,,N,,MS,Y,N,1,,,AVAILABLE
1,2,8584,2D,8,2,2C,,,N,,MS,Y,N,1,,,AVAILABLE
1,2,8586,2D,8,2,2C,,,N,,MS,Y,N,1,,,AVAILABLE
1,2,8588,2D,8,2,2C,,,N,,MS,Y,N,1,,,AVAILABLE
1,2,8590,2D,8,2,2C,,,N,,MS,Y,N,1,,,AVAILABLE
1,2,8592,2D,8,2,2C,,,N,,MS,Y,N,1,,,AVAILABLE
1,2,8594,2D,8,2,2C,,,N,,MS,Y,N,1,,,AVAILABLE
1,2,8596,2D,8,2,2C,,,N,,MS,Y,N,1,,,AVAILABLE
1,2,8598,2D,8,2,2C,,,N,,MS,Y,N,1,,,AVAILABLE
1,2,8608,2D,8,2,2C,,,N,,MS,Y,N,1,,,AVAILABLE
1,2,8610,2D,8,2,2C,,,N,,MS,Y,N,1,,,AVAILABLE
1,2,8620,2D,8,2,2C,,,N,,MS,Y,N,1,,,AVAILABLE
1,2,8622,2D,8,2,2C,,,N,,MS,Y,N,1,,,AVAILABLE
1,2,8624,2D,8,2,2C,,,N,,MS,Y,N,1,,,AVAILABLE
1,2,8630,2D,8,2,2C,,,N,,MS,Y,N,1,,,AVAILABLE
1,2,8632,2D,8,2,2C,,,N,,MS,Y,N,1,,,AVAILABLE
1,2,8634,2D,8,2,2C,,,N,,MS,Y,N,1,,,AVAILABLE
1,2,8636,2D,8,2,2C,,,N,,MS,Y,N,1,,,AVAILABLE
1,2,8638,2D,8,2,2C,,,N,,MS,Y,N,1,,,AVAILABLE
1,2,8640,2D,8,2,2C,,,N,,MS,Y,N,1,,,AVAILABLE
1,2,8642,2D,8,2,2C,,,N,,MS,Y,N,1,,,AVAILABLE
1,2,8644,2D,8,2,2C,,,N,,MS,Y,N,1,,,AVAILABLE
1,2,8646,2D,8,2,2C,,,N,,MS,Y,N,1,,,AVAILABLE
1,2,8648,2D,8,2,2C,,,N,,MS,Y,N,1,,,AVAILABLE
1,2,2244,2N,2,2,2C,,,N,,MS,N,N,1,,,AVAILABLE
2,2,2246,2N,2,2,2C,,,N,,MS,N,N,2,,,AVAILABLE
3,2,2248,2N,2,2,2C,,,N,,MS,N,N,2,,,AVAILABLE
1,2,2254,2N,2,2,2C,,,N,2252,MS,N,N,1,,,AVAILABLE
1,2,2256,2N,2,2,2C,,,N,2258,MS,N,N,1,,,AVAILABLE
1,2,2258,2N,2,2,2C,,,N,2256,MS,N,N,1,,,AVAILABLE
1,2,2262,2N,2,2,2C,,,N,,MS,N,N,1,,,AVAILABLE
1,2,2278,2N,2,2,2C,,,N,,MS,N,N,1,,,AVAILABLE
1,2,2280,2N,2,2,2C,,,N,,MS,N,N,1,,,AVAILABLE
1,2,2286,2N,2,2,2C,,,N,2284,MS,N,N,1,,,AVAILABLE
1,2,2290,2N,2,2,2C,,,N,,MS,N,N,1,,,AVAILABLE
1,2,2294,2N,2,2,2C,,,N,,MS,N,N,1,,,AVAILABLE
1,2,2296,2N,2,2,2C,,,N,,MS,N,N,1,,,AVAILABLE
1,2,2298,2N,2,2,2C,,,N,,MS,N,N,1,,,AVAILABLE
1,2,2300,2N,2,2,2C,,,N,,MS,N,N,1,,,AVAILABLE
1,2,2302,2N,2,2,2C,,,N,2304,MS,N,N,1,,,AVAILABLE
1,2,2306,2N,2,2,2C,,,N,,MS,N,N,1,,,AVAILABLE
1,2,2308,2N,2,2,2C,,,N,,MS,N,N,1,,,AVAILABLE
1,2,2310,2N,2,2,2C,,,N,,MS,N,N,1,,,AVAILABLE
1,2,2312,2N,2,2,2C,,,N,2314,MS,N,N,1,,,AVAILABLE
1,2,2316,2N,2,2,2C,,,N,,MS,N,N,1,,,AVAILABLE
1,2,2318,2N,2,2,2C,,,N,,MS,N,N,1,,,AVAILABLE
1,2,2320,2N,2,2,2C,,,N,,MS,N,N,1,,,AVAILABLE
1,2,2326,2N,2,2,2C,,,N,,MS,N,N,1,,,AVAILABLE
1,2,2328,2N,2,2,2C,,,N,,MS,N,N,1,,,AVAILABLE
1,2,2332,2N,2,2,2C,,,N,2330,MS,N,N,1,,,AVAILABLE
1,2,2334,2N,2,2,2C,,,N,2336,MS,N,N,1,,,AVAILABLE
1,2,2550,2N,2,2,2C,,,N,,MS,N,N,1,,,AVAILABLE
1,2,2554,2N,2,2,2C,,,N,2552,MS,N,N,1,,,AVAILABLE
1,2,2556,2N,2,2,2C,,,N,2558,MS,N,N,1,,,AVAILABLE
1,2,2558,2N,2,2,2C,,,N,2556,MS,N,N,1,,,AVAILABLE
1,2,2562,2N,2,2,2C,,,N,,MS,N,N,1,,,AVAILABLE
1,2,2578,2N,2,2,2C,,,N,,MS,N,N,1,,,AVAILABLE
1,2,2580,2N,2,2,2C,,,N,2582,MS,N,N,1,,,AVAILABLE
1,2,2586,2N,2,2,2C,,,N,2584,MS,N,N,1,,,AVAILABLE
1,2,2590,2N,2,2,2C,,,N,,MS,N,N,1,,,AVAILABLE
1,2,2592,2N,2,2,2C,,,N,,MS,N,N,1,,,AVAILABLE
1,2,2596,2N,2,2,2C,,,N,,MS,N,N,1,,,AVAILABLE
1,2,2598,2N,2,2,2C,,,N,,MS,N,N,1,,,AVAILABLE
1,2,2600,2N,2,2,2C,,,N,,MS,N,N,1,,,AVAILABLE
1,2,2602,2N,2,2,2C,,,N,2604,MS,N,N,1,,,AVAILABLE
1,2,2606,2N,2,2,2C,,,N,,MS,N,N,1,,,AVAILABLE
1,2,2608,2N,2,2,2C,,,N,,MS,N,N,1,,,AVAILABLE
1,2,2610,2N,2,2,2C,,,N,,MS,N,N,1,,,AVAILABLE
1,2,2612,2N,2,2,2C,,,N,2614,MS,N,N,1,,,AVAILABLE
1,2,2616,2N,2,2,2C,,,N,,MS,N,N,1,,,AVAILABLE
1,2,2618,2N,2,2,2C,,,N,,MS,N,N,1,,,AVAILABLE
1,2,2620,2N,2,2,2C,,,N,,MS,N,N,1,,,AVAILABLE
1,2,2626,2N,2,2,2C,,,N,,MS,N,N,1,,,AVAILABLE
1,2,2628,2N,2,2,2C,,,N,,MS,N,N,1,,,AVAILABLE
1,2,2630,2N,2,2,2C,,,N,2632,MS,N,N,1,,,AVAILABLE
1,2,2632,2N,2,2,2C,,,N,2630,MS,N,N,1,,,AVAILABLE
1,2,2634,2N,2,2,2C,,,N,,MS,N,N,1,,,AVAILABLE
1,2,3252,2N,3,2,2C,,,N,3254,MS,N,N,1,,,AVAILABLE
1,2,3300,2N,3,2,2C,,,N,3302,MS,N,N,1,,,AVAILABLE
1,2,3304,2N,3,2,2C,,,N,,MS,N,N,1,,,AVAILABLE
1,2,3306,2N,3,2,2C,,,N,,MS,N,N,1,,,AVAILABLE
1,2,3308,2N,3,2,2C,,,N,,MS,N,N,1,,,AVAILABLE
1,2,3310,2N,3,2,2C,,,N,,MS,N,N,1,,,AVAILABLE
1,2,3314,2N,3,2,2C,,,N,3312,MS,N,N,1,,,AVAILABLE
1,2,3316,2N,3,2,2C,,,N,3318,MS,N,N,1,,,AVAILABLE
1,2,3552,2N,3,2,2C,,,N,3554,MS,N,N,1,,,AVAILABLE
1,2,3600,2N,3,2,2C,,,N,3602,MS,N,N,1,,,AVAILABLE
1,2,3604,2N,3,2,2C,,,N,3606,MS,N,N,1,,,AVAILABLE
1,2,3606,2N,3,2,2C,,,N,3604,MS,N,N,1,,,AVAILABLE
1,2,3608,2N,3,2,2C,,,N,,MS,N,N,1,,,AVAILABLE
1,2,3610,2N,3,2,2C,,,N,,MS,N,N,1,,,AVAILABLE
1,2,3614,2N,3,2,2C,,,N,3612,MS,N,N,1,,,AVAILABLE
1,2,3616,2N,3,2,2C,,,N,3618,MS,N,N,1,,,AVAILABLE
1,2,6275,2T,6,2,2C,,,N,,MS,N,N,1,,,AVAILABLE
2,2,6277,2T,6,2,2C,,,N,,MS,N,N,2,,,AVAILABLE
3,2,6283,2T,6,2,2C,,,N,,MS,N,N,2,,,AVAILABLE
1,2,6313,2T,6,2,2C,,,N,,MS,N,N,1,,,AVAILABLE
1,2,6315,2T,6,2,2C,,,Y,,MS,N,N,1,,,AVAILABLE
1,2,6325,2T,6,2,2C,,,N,,MS,N,N,1,,,AVAILABLE
1,2,6327,2T,6,2,2C,,,N,,MS,N,N,1,,,AVAILABLE
1,2,6329,2T,6,2,2C,,,N,,MS,N,N,1,,,AVAILABLE
1,2,6331,2T,6,2,2C,,,N,,MS,N,N,1,,,AVAILABLE
1,2,6583,2T,6,2,2C,,,N,,MS,N,N,1,,,AVAILABLE
1,2,6613,2T,6,2,2C,,,N,,MS,N,N,1,,,AVAILABLE
1,2,6615,2T,6,2,2C,,,Y,,MS,N,N,1,,,AVAILABLE
1,2,6629,2T,6,2,2C,,,N,,MS,N,N,1,,,AVAILABLE
1,2,6631,2T,6,2,2C,,,N,,MS,N,N,1,,,AVAILABLE
1,2,7283,2T,7,2,2C,,,N,,MS,N,N,1,,,AVAILABLE
1,2,7295,2T,7,2,2C,,,N,,MS,N,N,1,,,AVAILABLE
1,2,7297,2T,7,2,2C,,,N,,MS,N,N,1,,,AVAILABLE
1,2,7309,2T,7,2,2C,,,N,,MS,N,N,1,,,AVAILABLE
1,2,7315,2T,7,2,2C,,,N,,MS,N,N,1,,,AVAILABLE
1,2,7329,2T,7,2,2C,,,N,,MS,N,N,1,,,AVAILABLE
1,2,7331,2T,7,2,2C,,,N,,MS,N,N,1,,,AVAILABLE
1,2,7583,2T,7,2,2C,,,N,,MS,N,N,1,,,AVAILABLE
1,2,7609,2T,7,2,2C,,,N,,MS,N,N,1,,,AVAILABLE
1,2,7629,2T,7,2,2C,,,N,,MS,N,N,1,,,AVAILABLE
1,2,7631,2T,7,2,2C,,,N,,MS,N,N,1,,,AVAILABLE
1,2,8283,2T,8,2,2C,,,N,,MS,N,N,1,,,AVAILABLE
1,2,8309,2T,8,2,2C,,,N,,MS,N,N,1,,,AVAILABLE
1,2,8315,2T,8,2,2C,,,Y,,MS,N,N,1,,,AVAILABLE
1,2,8329,2T,8,2,2C,,,N,,MS,N,N,1,,,AVAILABLE
1,2,8331,2T,8,2,2C,,,N,,MS,N,N,1,,,AVAILABLE
1,2,8583,2T,8,2,2C,,,N,,MS,N,N,1,,,AVAILABLE
1,2,8609,2T,8,2,2C,,,N,,MS,N,N,1,,,AVAILABLE
1,2,8629,2T,8,2,2C,,,N,,MS,N,N,1,,,AVAILABLE
1,2,8631,2T,8,2,2C,,,N,,MS,N,N,1,,,AVAILABLE
1,2,1275,2V,10,2,2C,,,N,,MS,N,N,1,,,AVAILABLE
2,2,1277,2V,10,2,2C,,,N,,MS,N,N,2,,,AVAILABLE
3,2,1279,2V,10,2,2C,,,N,,MS,N,N,2,,,AVAILABLE
1,2,1281,2V,10,2,2C,,,N,,MS,N,N,1,,,AVAILABLE
1,2,1283,2V,10,2,2C,,,N,,MS,N,N,1,,,AVAILABLE
1,2,1285,2V,10,2,2C,,,N,,MS,N,N,1,,,AVAILABLE
1,2,1287,2V,10,2,2C,,,N,,MS,N,N,1,,,AVAILABLE
1,2,1289,2V,10,2,2C,,,N,,MS,N,N,1,,,AVAILABLE
1,2,1305,2V,10,2,2C,,,N,1307,MS,N,N,1,,,AVAILABLE
1,2,1309,2V,10,2,2C,,,N,1311,MS,N,N,1,,,AVAILABLE
1,2,1311,2V,10,2,2C,,,N,1309,MS,N,N,1,,,AVAILABLE
1,2,1313,2V,10,2,2C,,,N,1315,MS,N,N,1,,,AVAILABLE
1,2,1315,2V,10,2,2C,,,N,1313,MS,N,N,1,,,AVAILABLE
1,2,1317,2V,10,2,2C,,,N,,MS,N,N,1,,,AVAILABLE
1,2,1321,2V,10,2,2C,,,Y,,MS,N,N,1,,,AVAILABLE
1,2,1325,2V,10,2,2C,,,Y,,MS,N,N,1,,,AVAILABLE
1,2,1347,2V,10,2,2C,,,N,,MS,N,N,1,,,AVAILABLE
1,2,1349,2V,10,2,2C,,,N,,MS,N,N,1,,,AVAILABLE
1,2,1575,2V,10,2,2C,,,N,,MS,N,N,1,,,AVAILABLE
1,2,1577,2V,10,2,2C,,,N,,MS,N,N,1,,,AVAILABLE
1,2,1579,2V,10,2,2C,,,N,,MS,N,N,1,,,AVAILABLE
1,2,1581,2V,10,2,2C,,,N,,MS,N,N,1,,,AVAILABLE
1,2,1583,2V,10,2,2C,,,N,,MS,N,N,1,,,AVAILABLE
1,2,1585,2V,10,2,2C,,,N,,MS,N,N,1,,,AVAILABLE
1,2,1587,2V,10,2,2C,,,N,,MS,N,N,1,,,AVAILABLE
1,2,1589,2V,10,2,2C,,,N,,MS,N,N,1,,,AVAILABLE
1,2,1605,2V,10,2,2C,,,N,1607,MS,N,N,1,,,AVAILABLE
1,2,1609,2V,10,2,2C,,,N,1611,MS,N,N,1,,,AVAILABLE
1,2,1611,2V,10,2,2C,,,N,1609,MS,N,N,1,,,AVAILABLE
1,2,1613,2V,10,2,2C,,,N,1615,MS,N,N,1,,,AVAILABLE
1,2,1615,2V,10,2,2C,,,N,1613,MS,N,N,1,,,AVAILABLE
1,2,2251,2V,2,2,2C,,,N,,MS,N,N,1,,,AVAILABLE
1,2,2253,2V,2,2,2C,,,N,,MS,N,N,1,,,AVAILABLE
1,2,2255,2V,2,2,2C,,,N,,MS,N,N,1,,,AVAILABLE
1,2,2257,2V,2,2,2C,,,N,,MS,N,N,1,,,AVAILABLE
1,2,2259,2V,2,2,2C,,,N,,MS,N,N,1,,,AVAILABLE
1,2,2261,2V,2,2,2C,,,N,,MS,N,N,1,,,AVAILABLE
1,2,2263,2V,2,2,2C,,,N,,MS,N,N,1,,,AVAILABLE
1,2,2265,2V,2,2,2C,,,N,,MS,N,N,1,,,AVAILABLE
1,2,2267,2V,2,2,2C,,,N,,MS,N,N,1,,,AVAILABLE
1,2,2269,2V,2,2,2C,,,N,,MS,N,N,1,,,AVAILABLE
1,2,2273,2V,2,2,2C,,,N,,MS,N,N,1,,,AVAILABLE
1,2,2317,2V,2,2,2C,,,N,,MS,N,N,1,,,AVAILABLE
1,2,2325,2V,2,2,2C,,,N,,MS,N,N,1,,,AVAILABLE
1,2,2327,2V,2,2,2C,,,N,,MS,N,N,1,,,AVAILABLE
1,2,2329,2V,2,2,2C,,,N,,MS,N,N,1,,,AVAILABLE
1,2,2331,2V,2,2,2C,,,N,,MS,N,N,1,,,AVAILABLE
1,2,2333,2V,2,2,2C,,,N,,MS,N,N,1,,,AVAILABLE
1,2,2401,2V,2,2,2C,,,N,,MS,N,N,1,,,AVAILABLE
1,2,2403,2V,2,2,2C,,,N,,MS,N,N,1,,,AVAILABLE
1,2,2405,2V,2,2,2C,,,N,,MS,N,N,1,,,AVAILABLE
1,2,2407,2V,2,2,2C,,,N,,MS,N,N,1,,,AVAILABLE
1,2,2409,2V,2,2,2C,,,N,,MS,N,N,1,,,AVAILABLE
1,2,2411,2V,2,2,2C,,,N,,MS,N,N,1,,,AVAILABLE
1,2,2413,2V,2,2,2C,,,N,,MS,N,N,1,,,AVAILABLE
1,2,2415,2V,2,2,2C,,,N,,MS,N,N,1,,,AVAILABLE
1,2,2417,2V,2,2,2C,,,N,,MS,N,N,1,,,AVAILABLE
1,2,2419,2V,2,2,2C,,,N,,MS,N,N,1,,,AVAILABLE
1,2,2421,2V,2,2,2C,,,N,,MS,N,N,1,,,AVAILABLE
1,2,2423,2V,2,2,2C,,,N,,MS,N,N,1,,,AVAILABLE
1,2,2425,2V,2,2,2C,,,N,,MS,N,N,1,,,AVAILABLE
1,2,2427,2V,2,2,2C,,,N,,MS,N,N,1,,,AVAILABLE
1,2,2551,2V,2,2,2C,,,N,,MS,N,N,1,,,AVAILABLE
1,2,2553,2V,2,2,2C,,,N,,MS,N,N,1,,,AVAILABLE
1,2,2555,2V,2,2,2C,,,N,,MS,N,N,1,,,AVAILABLE
1,2,2557,2V,2,2,2C,,,N,,MS,N,N,1,,,AVAILABLE
1,2,2559,2V,2,2,2C,,,N,,MS,N,N,1,,,AVAILABLE
1,2,2561,2V,2,2,2C,,,N,,MS,N,N,1,,,AVAILABLE
1,2,2565,2V,2,2,2C,,,N,,MS,N,N,1,,,AVAILABLE
1,2,2567,2V,2,2,2C,,,N,,MS,N,N,1,,,AVAILABLE
1,2,2569,2V,2,2,2C,,,N,,MS,N,N,1,,,AVAILABLE
1,2,2571,2V,2,2,2C,,,N,,MS,N,N,1,,,AVAILABLE
1,2,2573,2V,2,2,2C,,,N,,MS,N,N,1,,,AVAILABLE
1,2,2607,2V,2,2,2C,,,N,,MS,N,N,1,,,AVAILABLE
1,2,2609,2V,2,2,2C,,,N,2611,MS,N,N,1,,,AVAILABLE
1,2,2613,2V,2,2,2C,,,N,2615,MS,N,N,1,,,AVAILABLE
1,2,2617,2V,2,2,2C,,,N,,MS,N,N,1,,,AVAILABLE
1,2,2623,2V,2,2,2C,,,Y,,MS,N,N,1,,,AVAILABLE
1,2,2627,2V,2,2,2C,,,N,,MS,N,N,1,,,AVAILABLE
1,2,2629,2V,2,2,2C,,,Y,,MS,N,N,1,,,AVAILABLE
1,2,2633,2V,2,2,2C,,,Y,,MS,N,N,1,,,AVAILABLE
1,2,3245,2V,3,2,2C,,,N,,MS,N,N,1,,,AVAILABLE
1,2,3247,2V,3,2,2C,,,N,,MS,N,N,1,,,AVAILABLE
1,2,3249,2V,3,2,2C,,,N,,MS,N,N,1,,,AVAILABLE
1,2,3251,2V,3,2,2C,,,N,,MS,N,N,1,,,AVAILABLE
1,2,3253,2V,3,2,2C,,,N,,MS,N,N,1,,,AVAILABLE
1,2,3255,2V,3,2,2C,,,N,,MS,N,N,1,,,AVAILABLE
1,2,3257,2V,3,2,2C,,,N,,MS,N,N,1,,,AVAILABLE
1,2,3305,2V,3,2,2C,,,N,,MS,N,N,1,,,AVAILABLE
1,2,3307,2V,3,2,2C,,,N,,MS,N,N,1,,,AVAILABLE
1,2,3309,2V,3,2,2C,,,N,,MS,N,N,1,,,AVAILABLE
1,2,3311,2V,3,2,2C,,,N,,MS,N,N,1,,,AVAILABLE
1,2,3313,2V,3,2,2C,,,N,,MS,N,N,1,,,AVAILABLE
1,2,3315,2V,3,2,2C,,,N,,MS,N,N,1,,,AVAILABLE
1,2,3317,2V,3,2,2C,,,N,,MS,N,N,1,,,AVAILABLE
1,2,3319,2V,3,2,2C,,,N,,MS,N,N,1,,,AVAILABLE
1,2,3323,2V,3,2,2C,,,N,,MS,N,N,1,,,AVAILABLE
1,2,3325,2V,3,2,2C,,,N,,MS,N,N,1,,,AVAILABLE
1,2,3327,2V,3,2,2C,,,N,,MS,N,N,1,,,AVAILABLE
1,2,3329,2V,3,2,2C,,,N,,MS,N,N,1,,,AVAILABLE
1,2,3545,2V,3,2,2C,,,N,,MS,N,N,1,,,AVAILABLE
1,2,3547,2V,3,2,2C,,,N,,MS,N,N,1,,,AVAILABLE
1,2,3549,2V,3,2,2C,,,N,,MS,N,N,1,,,AVAILABLE
1,2,3551,2V,3,2,2C,,,N,,MS,N,N,1,,,AVAILABLE
1,2,3553,2V,3,2,2C,,,N,,MS,N,N,1,,,AVAILABLE
1,2,3555,2V,3,2,2C,,,N,,MS,N,N,1,,,AVAILABLE
1,2,3557,2V,3,2,2C,,,N,,MS,N,N,1,,,AVAILABLE
1,2,3559,2V,3,2,2C,,,N,,MS,N,N,1,,,AVAILABLE
1,2,3605,2V,3,2,2C,,,N,3607,MS,N,N,1,,,AVAILABLE
1,2,3609,2V,3,2,2C,,,N,,MS,N,N,1,,,AVAILABLE
1,2,3611,2V,3,2,2C,,,N,,MS,N,N,1,,,AVAILABLE
1,2,3615,2V,3,2,2C,,,N,3613,MS,N,N,1,,,AVAILABLE
1,2,3617,2V,3,2,2C,,,N,,MS,N,N,1,,,AVAILABLE
1,2,6443,2V,6,2,2C,,,N,,MS,N,N,1,,,AVAILABLE
1,2,6445,2V,6,2,2C,,,N,,MS,N,N,1,,,AVAILABLE
1,2,6447,2V,6,2,2C,,,N,,MS,N,N,1,,,AVAILABLE
1,2,6449,2V,6,2,2C,,,N,,MS,N,N,1,,,AVAILABLE
1,2,7441,2V,7,2,2C,,,N,,MS,N,N,1,,,AVAILABLE
1,2,7443,2V,7,2,2C,,,N,,MS,N,N,1,,,AVAILABLE
1,2,7445,2V,7,2,2C,,,N,,MS,N,N,1,,,AVAILABLE
1,2,7447,2V,7,2,2C,,,N,,MS,N,N,1,,,AVAILABLE
1,2,8441,2V,8,2,2C,,,N,,MS,N,N,1,,,AVAILABLE
1,2,8443,2V,8,2,2C,,,N,,MS,N,N,1,,,AVAILABLE
1,2,8445,2V,8,2,2C,,,N,,MS,N,N,1,,,AVAILABLE
1,2,8447,2V,8,2,2C,,,N,,MS,N,N,1,,,AVAILABLE
1,2,9253,2V,9,2,2C,,,N,,MS,N,N,1,,,AVAILABLE
1,2,9255,2V,9,2,2C,,,N,,MS,N,N,1,,,AVAILABLE
1,2,9257,2V,9,2,2C,,,N,,MS,N,N,1,,,AVAILABLE
1,2,9259,2V,9,2,2C,,,N,,MS,N,N,1,,,AVAILABLE
1,2,9261,2V,9,2,2C,,,N,,MS,N,N,1,,,AVAILABLE
1,2,9263,2V,9,2,2C,,,N,,MS,N,N,1,,,AVAILABLE
1,2,9277,2V,9,2,2C,,,N,,MS,N,N,1,,,AVAILABLE
1,2,9279,2V,9,2,2C,,,N,,MS,N,N,1,,,AVAILABLE
1,2,9281,2V,9,2,2C,,,N,,MS,N,N,1,,,AVAILABLE
1,2,9283,2V,9,2,2C,,,N,,MS,N,N,1,,,AVAILABLE
1,2,9287,2V,9,2,2C,,,N,,MS,N,N,1,,,AVAILABLE
1,2,9289,2V,9,2,2C,,,N,,MS,N,N,1,,,AVAILABLE
1,2,9291,2V,9,2,2C,,,N,,MS,N,N,1,,,AVAILABLE
1,2,9293,2V,9,2,2C,,,N,,MS,N,N,1,,,AVAILABLE
1,2,9295,2V,9,2,2C,,,N,,MS,N,N,1,,,AVAILABLE
1,2,9297,2V,9,2,2C,,,N,,MS,N,N,1,,,AVAILABLE
1,2,9305,2V,9,2,2C,,,N,9307,MS,N,N,1,,,AVAILABLE
1,2,9309,2V,9,2,2C,,,N,9311,MS,N,N,1,,,AVAILABLE
1,2,9313,2V,9,2,2C,,,N,9315,MS,N,N,1,,,AVAILABLE
1,2,9317,2V,9,2,2C,,,N,,MS,N,N,1,,,AVAILABLE
1,2,9321,2V,9,2,2C,,,N,,MS,N,N,1,,,AVAILABLE
1,2,9323,2V,9,2,2C,,,N,,MS,N,N,1,,,AVAILABLE
1,2,9325,2V,9,2,2C,,,N,,MS,N,N,1,,,AVAILABLE
1,2,9327,2V,9,2,2C,,,N,,MS,N,N,1,,,AVAILABLE
1,2,9575,2V,9,2,2C,,,N,,MS,N,N,1,,,AVAILABLE
1,2,9577,2V,9,2,2C,,,N,,MS,N,N,1,,,AVAILABLE
1,2,9579,2V,9,2,2C,,,N,,MS,N,N,1,,,AVAILABLE
1,2,9581,2V,9,2,2C,,,N,,MS,N,N,1,,,AVAILABLE
1,2,9583,2V,9,2,2C,,,N,,MS,N,N,1,,,AVAILABLE
1,2,9587,2V,9,2,2C,,,N,,MS,N,N,1,,,AVAILABLE
1,2,9589,2V,9,2,2C,,,N,,MS,N,N,1,,,AVAILABLE
1,2,9591,2V,9,2,2C,,,N,,MS,N,N,1,,,AVAILABLE
1,2,9593,2V,9,2,2C,,,N,,MS,N,N,1,,,AVAILABLE
1,2,9595,2V,9,2,2C,,,N,,MS,N,N,1,,,AVAILABLE
1,2,9597,2V,9,2,2C,,,N,,MS,N,N,1,,,AVAILABLE
1,2,9605,2V,9,2,2C,,,N,9607,MS,N,N,1,,,AVAILABLE
1,2,9609,2V,9,2,2C,,,N,9611,MS,N,N,1,,,AVAILABLE
1,2,9613,2V,9,2,2C,,,N,9615,MS,N,N,1,,,AVAILABLE
1,2,9617,2V,9,2,2C,,,N,,MS,N,N,1,,,AVAILABLE
1,2,9621,2V,9,2,2C,,,N,,MS,N,N,1,,,AVAILABLE
1,2,9623,2V,9,2,2C,,,N,,MS,N,N,1,,,AVAILABLE
1,2,9625,2V,9,2,2C,,,N,,MS,N,N,1,,,AVAILABLE
1,2,9627,2V,9,2,2C,,,N,,MS,N,N,1,,,AVAILABLE
1,2,1388,3B,10,4,2C,SD,,N,,AF,Y,N,1,,,AVAILABLE
1,3,1390,3B,10,4,2C,SD,,N,1392,AF,Y,N,1,,,AVAILABLE
1,4,1392,3B,10,4,2C,SD,,N,1390,AF,Y,N,1,,,AVAILABLE
2,2,1534,3B,10,4,2C,SD,,N,1536,FW,Y,N,2,,,AVAILABLE
2,3,1688,3B,10,4,2C,SD,,N,,AF,Y,N,3,,,AVAILABLE
2,4,1690,3B,10,4,2C,SD,,N,1692,AF,Y,N,4,,,AVAILABLE
3,2,1692,3B,10,4,2C,SD,,N,1690,AF,Y,N,2,,,AVAILABLE
3,3,6216,3B,6,3,2C,SB,,N,,FW,Y,N,3,,,AVAILABLE
3,4,6218,3B,6,3,2C,SB,,N,,FW,Y,N,4,,,AVAILABLE
1,4,6220,3B,6,4,2C,SD,,N,,FW,Y,N,1,,,AVAILABLE
1,4,6222,3B,6,4,2C,SD,,N,,FW,Y,N,1,,,AVAILABLE
1,3,6240,3B,6,3,2C,SB,,N,,FW,Y,N,1,,,AVAILABLE
1,4,6350,3B,6,4,2C,SD,,N,,AF,Y,N,1,,,AVAILABLE
1,4,6366,3B,6,4,2C,SD,,N,6368,AF,Y,N,1,,,AVAILABLE
1,4,6368,3B,6,4,2C,SD,,N,6366,AF,Y,N,1,,,AVAILABLE
1,4,6370,3B,6,4,2C,SD,,N,,AF,Y,N,1,,,AVAILABLE
1,4,6372,3B,6,4,2C,SD,,N,,AF,Y,N,1,,,AVAILABLE
1,4,6374,3B,6,4,2C,SD,,N,,AF,Y,N,1,,,AVAILABLE
1,4,6376,3B,6,4,2C,SD,,N,,AF,Y,N,1,,,AVAILABLE
1,4,6378,3B,6,4,2C,SD,,N,,AF,Y,N,1,,,AVAILABLE
1,4,6380,3B,6,4,2C,SD,,N,,AF,Y,N,1,,,AVAILABLE
1,4,6386,3B,6,4,2C,SD,,N,,AF,Y,N,1,,,AVAILABLE
1,4,6520,3B,6,4,2C,SD,,N,,FW,Y,N,1,,,AVAILABLE
1,4,6522,3B,6,4,2C,SD,,N,,FW,Y,N,1,,,AVAILABLE
1,3,6540,3B,6,3,2C,SB,,N,,FW,Y,N,1,,,AVAILABLE
1,4,6650,3B,6,4,2C,SD,,N,,AF,Y,N,1,,,AVAILABLE
1,4,6664,3B,6,4,2C,SD,,N,,AF,Y,N,1,,,AVAILABLE
1,4,6668,3B,6,4,2C,SD,,N,6666,AF,Y,N,1,,,AVAILABLE
1,4,6670,3B,6,4,2C,SD,,N,,AF,Y,N,1,,,AVAILABLE
1,4,6672,3B,6,4,2C,SD,,N,,AF,Y,N,1,,,AVAILABLE
1,4,6674,3B,6,4,2C,SD,,N,,AF,Y,N,1,,,AVAILABLE
1,4,6676,3B,6,4,2C,SD,,N,,AF,Y,N,1,,,AVAILABLE
1,4,6678,3B,6,4,2C,SD,,N,,AF,Y,N,1,,,AVAILABLE
1,4,6680,3B,6,4,2C,SD,,N,,AF,Y,N,1,,,AVAILABLE
1,4,7214,3B,7,4,2C,SD,,N,7216,FW,Y,N,1,,,AVAILABLE
1,4,7216,3B,7,4,2C,SD,,N,7214,FW,Y,N,1,,,AVAILABLE
1,3,7240,3B,7,3,2C,SB,,N,,FW,Y,N,1,,,AVAILABLE
1,4,7368,3B,7,4,2C,SD,,N,,AF,Y,N,1,,,AVAILABLE
1,4,7370,3B,7,4,2C,SD,,N,,AF,Y,N,1,,,AVAILABLE
1,4,7372,3B,7,4,2C,SD,,N,,AF,Y,N,1,,,AVAILABLE
1,4,7374,3B,7,4,2C,SD,,N,,AF,Y,N,1,,,AVAILABLE
1,4,7376,3B,7,4,2C,SD,,N,,AF,Y,N,1,,,AVAILABLE
1,4,7378,3B,7,4,2C,SD,,N,,AF,Y,N,1,,,AVAILABLE
1,4,7514,3B,7,4,2C,SD,,N,7516,FW,Y,N,1,,,AVAILABLE
1,4,7516,3B,7,4,2C,SD,,N,7514,FW,Y,N,1,,,AVAILABLE
1,3,7540,3B,7,3,2C,SB,,N,,FW,Y,N,1,,,AVAILABLE
1,4,7668,3B,7,4,2C,SD,,N,,AF,Y,N,1,,,AVAILABLE
1,4,7670,3B,7,4,2C,SD,,N,,AF,Y,N,1,,,AVAILABLE
1,4,7672,3B,7,4,2C,SD,,N,,AF,Y,N,1,,,AVAILABLE
1,4,7674,3B,7,4,2C,SD,,N,,AF,Y,N,1,,,AVAILABLE
1,4,7676,3B,7,4,2C,SD,,N,,AF,Y,N,1,,,AVAILABLE
1,4,7678,3B,7,4,2C,SD,,N,,AF,Y,N,1,,,AVAILABLE
1,4,9220,3B,9,4,2C,SD,,N,9218,FW,Y,N,1,,,AVAILABLE
1,4,9222,3B,9,4,2C,SD,,N,,FW,Y,N,1,,,AVAILABLE
1,4,9224,3B,9,4,2C,SD,,N,,FW,Y,N,1,,,AVAILABLE
1,4,9226,3B,9,4,2C,SD,,N,,FW,Y,N,1,,,AVAILABLE
1,4,9228,3B,9,4,2C,SD,,N,,FW,Y,N,1,,,AVAILABLE
1,4,9230,3B,9,4,2C,SD,,N,9232,FW,Y,N,1,,,AVAILABLE
1,4,9232,3B,9,4,2C,SD,,N,9230,FW,Y,N,1,,,AVAILABLE
1,4,9374,3B,9,4,2C,SD,,N,,AF,Y,N,1,,,AVAILABLE
1,4,9376,3B,9,4,2C,SD,,N,,AF,Y,N,1,,,AVAILABLE
1,4,9378,3B,9,4,2C,SD,,N,,AF,Y,N,1,,,AVAILABLE
1,4,9520,3B,9,4,2C,SD,,N,9518,FW,Y,N,1,,,AVAILABLE
1,4,9522,3B,9,4,2C,SD,,N,9524,FW,Y,N,1,,,AVAILABLE
1,4,9524,3B,9,4,2C,SD,,N,9522,FW,Y,N,1,,,AVAILABLE
1,4,9526,3B,9,4,2C,SD,,N,,FW,Y,N,1,,,AVAILABLE
1,4,9528,3B,9,4,2C,SD,,N,,FW,Y,N,1,,,AVAILABLE
1,4,9530,3B,9,4,2C,SD,,N,,FW,Y,N,1,,,AVAILABLE
1,4,9532,3B,9,4,2C,SD,,N,,FW,Y,N,1,,,AVAILABLE
1,4,9670,3B,9,4,2C,SD,,N,,AF,Y,N,1,,,AVAILABLE
1,4,9672,3B,9,4,2C,SD,,N,,AF,Y,N,1,,,AVAILABLE
1,4,9674,3B,9,4,2C,SD,,N,,AF,Y,N,1,,,AVAILABLE
1,4,9676,3B,9,4,2C,SD,,N,,AF,Y,N,1,,,AVAILABLE
1,4,9678,3B,9,4,2C,SD,,N,,AF,Y,N,1,,,AVAILABLE
1,2,1892,3M,12,4,2C,SD,,N,,AF,N,N,1,,,AVAILABLE
1,3,1894,3M,12,4,2C,SD,,N,,FW,N,N,1,,,AVAILABLE
1,4,1896,3M,12,4,2C,SD,,N,,FW,N,N,1,,,AVAILABLE
2,2,1898,3M,12,4,2C,SD,,N,,FW,N,N,2,,,AVAILABLE
2,3,1900,3M,12,4,2C,SD,,N,,FW,N,N,3,,,AVAILABLE
2,4,1902,3M,12,4,2C,SD,,N,,FW,N,N,4,,,AVAILABLE
3,2,6202,3M,6,4,2C,SD,,N,,FW,N,N,2,,,AVAILABLE
3,3,6502,3M,6,4,2C,SD,,N,,FW,N,N,3,,,AVAILABLE
3,4,8214,3M,8,4,2C,SD,,N,,FW,N,N,4,,,AVAILABLE
1,4,8514,3M,8,4,2C,SD,,N,,FW,N,N,1,,,AVAILABLE
1,4,9218,3M,9,4,2C,SD,,N,9220,FW,N,N,1,,,AVAILABLE
1,4,9518,3M,9,4,2C,SD,,N,9520,FW,N,N,1,,,AVAILABLE
1,2,2350,3N,2,4,2C,,2,N,,AF,N,N,1,,,AVAILABLE
1,3,2352,3N,2,4,2C,,2,N,2354,AF,N,N,1,,,AVAILABLE
1,4,2354,3N,2,4,2C,,2,N,2352,AF,N,N,1,,,AVAILABLE
2,2,2356,3N,2,4,2C,,2,N,2358,AF,N,N,2,,,AVAILABLE
2,3,2358,3N,2,4,2C,,2,N,2356,AF,N,N,3,,,AVAILABLE
2,4,2360,3N,2,4,2C,,2,N,,AF,N,N,4,,,AVAILABLE
3,2,2362,3N,2,4,2C,,2,N,,AF,N,N,2,,,AVAILABLE
3,3,2364,3N,2,4,2C,,2,N,2366,AF,N,N,3,,,AVAILABLE
3,4,2370,3N,2,4,2C,,2,N,,AF,N,N,4,,,AVAILABLE
1,4,2372,3N,2,4,2C,,2,N,2374,AF,N,N,1,,,AVAILABLE
1,4,2374,3N,2,4,2C,,2,N,2372,AF,N,N,1,,,AVAILABLE
1,4,2376,3N,2,4,2C,,2,N,,AF,N,N,1,,,AVAILABLE
1,4,2378,3N,2,4,2C,,2,N,,AF,N,N,1,,,AVAILABLE
1,4,2540,3N,2,4,2C,,2,N,,FW,N,N,1,,,AVAILABLE
1,4,2542,3N,2,4,2C,,2,N,,FW,N,N,1,,,AVAILABLE
1,4,2650,3N,2,4,2C,,2,N,,AF,N,N,1,,,AVAILABLE
1,4,2652,3N,2,4,2C,,2,N,2654,AF,N,N,1,,,AVAILABLE
1,4,2654,3N,2,4,2C,,2,N,2652,AF,N,N,1,,,AVAILABLE
1,4,2656,3N,2,4,2C,,2,N,,AF,N,N,1,,,AVAILABLE
1,4,2658,3N,2,4,2C,,2,N,,AF,N,N,1,,,AVAILABLE
1,4,2660,3N,2,4,2C,,2,N,,AF,N,N,1,,,AVAILABLE
1,4,2662,3N,2,4,2C,,2,N,,AF,N,N,1,,,AVAILABLE
1,4,2664,3N,2,4,2C,,2,N,2666,AF,N,N,1,,,AVAILABLE
1,4,2672,3N,2,4,2C,,2,N,2674,AF,N,N,1,,,AVAILABLE
1,4,2674,3N,2,4,2C,,2,N,2672,AF,N,N,1,,,AVAILABLE
1,4,2676,3N,2,4,2C,,2,N,,AF,N,N,1,,,AVAILABLE
1,4,2678,3N,2,4,2C,,2,N,,AF,N,N,1,,,AVAILABLE
1,4,3240,3N,3,4,2C,,2,N,,FW,N,N,1,,,AVAILABLE
1,4,3242,3N,3,4,2C,,2,N,,FW,N,N,1,,,AVAILABLE
1,4,3326,3N,3,4,2C,,2,N,3324,AF,N,N,1,,,AVAILABLE
1,4,3332,3N,3,4,2C,,2,N,,AF,N,N,1,,,AVAILABLE
1,4,3336,3N,3,4,2C,,2,N,3334,AF,N,N,1,,,AVAILABLE
1,4,3342,3N,3,4,2C,,2,N,,AF,N,N,1,,,AVAILABLE
1,4,3540,3N,3,4,2C,,2,N,,FW,N,N,1,,,AVAILABLE
1,4,3542,3N,3,4,2C,,2,N,,FW,N,N,1,,,AVAILABLE
1,4,3620,3N,3,4,2C,,2,N,,AF,N,N,1,,,AVAILABLE
1,4,3622,3N,3,4,2C,,2,N,3624,AF,N,N,1,,,AVAILABLE
1,4,3624,3N,3,4,2C,,2,N,3622,AF,N,N,1,,,AVAILABLE
1,4,3630,3N,3,4,2C,,2,N,3632,AF,N,N,1,,,AVAILABLE
1,4,3638,3N,3,4,2C,,2,N,,AF,N,N,1,,,AVAILABLE
1,3,3644,3N,3,3,2C,,1,N,,AF,N,N,1,,,AVAILABLE
1,2,1391,3V,10,4,2C,,2,N,,AF,N,N,1,,,AVAILABLE
1,3,1393,3V,10,4,2C,,2,N,,AF,N,N,1,,,AVAILABLE
1,4,1395,3V,10,4,2C,,2,N,,AF,N,N,1,,,AVAILABLE
2,2,1397,3V,10,4,2C,,2,N,,AF,N,N,2,,,AVAILABLE
2,3,1691,3V,10,4,2C,,2,N,,AF,N,N,3,,,AVAILABLE
2,4,1693,3V,10,4,2C,,2,N,,AF,N,N,4,,,AVAILABLE
3,2,1695,3V,10,4,2C,,2,N,,AF,N,N,2,,,AVAILABLE
3,3,1697,3V,10,4,2C,,2,N,,AF,N,N,3,,,AVAILABLE
3,4,2365,3V,2,4,2C,,2,N,,AF,N,N,4,,,AVAILABLE
3,4,6111,3V,6,4,2C,,2,N,6113,FW,N,N,4,,,AVAILABLE
3,4,6113,3V,6,4,2C,,2,N,6111,FW,N,N,4,,,AVAILABLE
3,4,6119,3V,6,4,2C,,2,N,6121,FW,N,N,4,,,AVAILABLE
3,4,6121,3V,6,4,2C,,2,N,6119,FW,N,N,4,,,AVAILABLE
3,4,6131,3V,6,4,2C,,2,N,,FW,N,N,4,,,AVAILABLE
3,4,6133,3V,6,4,2C,,2,N,6135,FW,N,N,4,,,AVAILABLE
3,4,6135,3V,6,4,2C,,2,N,6133,FW,N,N,4,,,AVAILABLE
3,4,6213,3V,6,4,2C,,2,N,6215,FW,N,N,4,,,AVAILABLE
3,4,6215,3V,6,4,2C,,2,N,6213,FW,N,N,4,,,AVAILABLE
3,4,6221,3V,6,4,2C,,2,N,,FW,N,N,4,,,AVAILABLE
3,4,6223,3V,6,4,2C,,2,N,,FW,N,N,4,,,AVAILABLE
3,4,6231,3V,6,4,2C,,2,N,,FW,N,N,4,,,AVAILABLE
3,4,6233,3V,6,4,2C,,2,N,,FW,N,N,4,,,AVAILABLE
3,4,6235,3V,6,4,2C,,2,N,,FW,N,N,4,,,AVAILABLE
3,4,6357,3V,6,4,2C,,2,N,6359,AF,N,N,4,,,AVAILABLE
3,4,6359,3V,6,4,2C,,2,N,6357,AF,N,N,4,,,AVAILABLE
3,4,6361,3V,6,4,2C,,2,N,,AF,N,N,4,,,AVAILABLE
3,4,6373,3V,6,4,2C,,2,N,,AF,N,N,4,,,AVAILABLE
3,4,6375,3V,6,4,2C,,2,N,,AF,N,N,4,,,AVAILABLE
3,4,6387,3V,6,4,2C,,2,N,,AF,N,N,4,,,AVAILABLE
3,4,6453,3V,6,4,2C,,2,N,,AF,N,N,4,,,AVAILABLE
3,4,6455,3V,6,4,2C,,2,N,,AF,N,N,4,,,AVAILABLE
3,4,6459,3V,6,4,2C,,2,N,,AF,N,N,4,,,AVAILABLE
3,4,6461,3V,6,4,2C,,2,N,,AF,N,N,4,,,AVAILABLE
3,4,6471,3V,6,4,2C,,2,N,,AF,N,N,4,,,AVAILABLE
3,4,6473,3V,6,4,2C,,2,N,,AF,N,N,4,,,AVAILABLE
3,4,6481,3V,6,4,2C,,2,N,,AF,N,N,4,,,AVAILABLE
3,4,6511,3V,6,4,2C,,2,N,,FW,N,N,4,,,AVAILABLE
3,4,6513,3V,6,4,2C,,2,N,,FW,N,N,4,,,AVAILABLE
3,4,6521,3V,6,4,2C,,2,N,,FW,N,N,4,,,AVAILABLE
3,4,6523,3V,6,4,2C,,2,N,,FW,N,N,4,,,AVAILABLE
3,4,6531,3V,6,4,2C,,2,N,,FW,N,N,4,,,AVAILABLE
3,4,6533,3V,6,4,2C,,2,N,,FW,N,N,4,,,AVAILABLE
3,4,6535,3V,6,4,2C,,2,N,,FW,N,N,4,,,AVAILABLE
3,4,6657,3V,6,4,2C,,2,N,6659,AF,N,N,4,,,AVAILABLE
3,4,6659,3V,6,4,2C,,2,N,6657,AF,N,N,4,,,AVAILABLE
3,4,6661,3V,6,4,2C,,2,N,,AF,N,N,4,,,AVAILABLE
3,4,6673,3V,6,4,2C,,2,N,,AF,N,N,4,,,AVAILABLE
3,4,6675,3V,6,4,2C,,2,N,,AF,N,N,4,,,AVAILABLE
3,4,7111,3V,7,4,2C,,2,N,7113,FW,N,N,4,,,AVAILABLE
3,4,7113,3V,7,4,2C,,2,N,7111,FW,N,N,4,,,AVAILABLE
3,4,7115,3V,7,4,2C,,2,N,,FW,N,N,4,,,AVAILABLE
3,4,7131,3V,7,4,2C,,2,N,7133,FW,N,N,4,,,AVAILABLE
3,4,7133,3V,7,4,2C,,2,N,7131,FW,N,N,4,,,AVAILABLE
3,4,7135,3V,7,4,2C,,2,N,,FW,N,N,4,,,AVAILABLE
3,4,7211,3V,7,4,2C,,2,N,,FW,N,N,4,,,AVAILABLE
3,4,7213,3V,7,4,2C,,2,N,,FW,N,N,4,,,AVAILABLE
3,4,7215,3V,7,4,2C,,2,N,,FW,N,N,4,,,AVAILABLE
3,4,7231,3V,7,4,2C,,2,N,,FW,N,N,4,,,AVAILABLE
3,4,7233,3V,7,4,2C,,2,N,,FW,N,N,4,,,AVAILABLE
3,4,7235,3V,7,4,2C,,2,N,,FW,N,N,4,,,AVAILABLE
3,4,7361,3V,7,4,2C,,2,N,,AF,N,N,4,,,AVAILABLE
3,4,7363,3V,7,4,2C,,2,N,,AF,N,N,4,,,AVAILABLE
3,4,7367,3V,7,4,2C,,2,N,,AF,N,N,4,,,AVAILABLE
3,4,7369,3V,7,4,2C,,2,N,,AF,N,N,4,,,AVAILABLE
3,4,7373,3V,7,4,2C,,2,N,,AF,N,N,4,,,AVAILABLE
3,4,7375,3V,7,4,2C,,2,N,,AF,N,N,4,,,AVAILABLE
3,4,7403,3V,7,4,2C,,2,N,,AF,N,N,4,,,AVAILABLE
3,4,7449,3V,7,4,2C,,2,N,,AF,N,N,4,,,AVAILABLE
3,4,7453,3V,7,4,2C,,2,N,,AF,N,N,4,,,AVAILABLE
3,4,7455,3V,7,4,2C,,2,N,,AF,N,N,4,,,AVAILABLE
3,4,7457,3V,7,4,2C,,2,N,,AF,N,N,4,,,AVAILABLE
3,4,7511,3V,7,4,2C,,2,N,,FW,N,N,4,,,AVAILABLE
3,4,7513,3V,7,4,2C,,2,N,,FW,N,N,4,,,AVAILABLE
3,4,7515,3V,7,4,2C,,2,N,,FW,N,N,4,,,AVAILABLE
3,4,7531,3V,7,4,2C,,2,N,,FW,N,N,4,,,AVAILABLE
3,4,7533,3V,7,4,2C,,2,N,,FW,N,N,4,,,AVAILABLE
3,4,7535,3V,7,4,2C,,2,N,,FW,N,N,4,,,AVAILABLE
3,4,7657,3V,7,4,2C,,2,N,,AF,N,N,4,,,AVAILABLE
3,4,7659,3V,7,4,2C,,2,N,,AF,N,N,4,,,AVAILABLE
3,4,7667,3V,7,4,2C,,2,N,,AF,N,N,4,,,AVAILABLE
3,4,7669,3V,7,4,2C,,2,N,7671,AF,N,N,4,,,AVAILABLE
3,4,7673,3V,7,4,2C,,2,N,,AF,N,N,4,,,AVAILABLE
3,4,7675,3V,7,4,2C,,2,N,,AF,N,N,4,,,AVAILABLE
3,4,7707,3V,7,4,2C,,2,N,7703,AF,N,N,4,,,AVAILABLE
3,4,8111,3V,8,4,2C,,2,N,,FW,N,N,4,,,AVAILABLE
3,4,8113,3V,8,4,2C,,2,N,,FW,N,N,4,,,AVAILABLE
3,4,8123,3V,8,4,2C,,2,N,,FW,N,N,4,,,AVAILABLE
3,4,8125,3V,8,4,2C,,2,N,,FW,N,N,4,,,AVAILABLE
3,4,8213,3V,8,4,2C,,2,N,,FW,N,N,4,,,AVAILABLE
3,4,8215,3V,8,4,2C,,2,N,,FW,N,N,4,,,AVAILABLE
3,4,8223,3V,8,4,2C,,2,N,,FW,N,N,4,,,AVAILABLE
3,4,8225,3V,8,4,2C,,2,N,,FW,N,N,4,,,AVAILABLE
3,4,8233,3V,8,4,2C,,2,N,,FW,N,N,4,,,AVAILABLE
3,4,8235,3V,8,4,2C,,2,N,,FW,N,N,4,,,AVAILABLE
3,4,8367,3V,8,4,2C,,2,N,,AF,N,N,4,,,AVAILABLE
3,4,8369,3V,8,4,2C,,2,N,,AF,N,N,4,,,AVAILABLE
3,4,8371,3V,8,4,2C,,2,N,,AF,N,N,4,,,AVAILABLE
3,4,8373,3V,8,4,2C,,2,N,8375,AF,N,N,4,,,AVAILABLE
3,4,8375,3V,8,4,2C,,2,N,8373,AF,N,N,4,,,AVAILABLE
3,4,8449,3V,8,4,2C,,2,N,,AF,N,N,4,,,AVAILABLE
3,3,8451,3V,8,3,2C,,1,N,,AF,N,N,3,,,AVAILABLE
3,4,8453,3V,8,4,2C,,2,N,,AF,N,N,4,,,AVAILABLE
3,4,8455,3V,8,4,2C,,2,N,,AF,N,N,4,,,AVAILABLE
3,4,8457,3V,8,4,2C,,2,N,,AF,N,N,4,,,AVAILABLE
3,4,8459,3V,8,4,2C,,2,N,,AF,N,N,4,,,AVAILABLE
3,4,8461,3V,8,4,2C,,2,N,,AF,N,N,4,,,AVAILABLE
3,4,8469,3V,8,4,2C,,2,N,,AF,N,N,4,,,AVAILABLE
3,4,8471,3V,8,4,2C,,2,N,,AF,N,N,4,,,AVAILABLE
3,4,8473,3V,8,4,2C,,2,N,,AF,N,N,4,,,AVAILABLE
3,4,8481,3V,8,4,2C,,2,N,8483,AF,N,N,4,,,AVAILABLE
3,4,8513,3V,8,4,2C,,2,N,8515,FW,N,N,4,,,AVAILABLE
3,4,8533,3V,8,4,2C,,2,N,,FW,N,N,4,,,AVAILABLE
3,4,8535,3V,8,4,2C,,2,N,,FW,N,N,4,,,AVAILABLE
3,4,8659,3V,8,4,2C,,2,N,,AF,N,N,4,,,AVAILABLE
3,4,8661,3V,8,4,2C,,2,N,8663,AF,N,N,4,,,AVAILABLE
3,4,8663,3V,8,4,2C,,2,N,8661,AF,N,N,4,,,AVAILABLE
3,4,8665,3V,8,4,2C,,2,N,8667,AF,N,N,4,,,AVAILABLE
3,4,8667,3V,8,4,2C,,2,N,8665,AF,N,N,4,,,AVAILABLE
3,4,8669,3V,8,4,2C,,2,N,,AF,N,N,4,,,AVAILABLE
3,4,8671,3V,8,4,2C,,2,N,,AF,N,N,4,,,AVAILABLE
3,4,8673,3V,8,4,2C,,2,N,8675,AF,N,N,4,,,AVAILABLE
3,4,8675,3V,8,4,2C,,2,N,8673,AF,N,N,4,,,AVAILABLE
3,4,8687,3V,8,4,2C,,2,N,8685,AF,N,N,4,,,AVAILABLE
3,4,9217,3V,9,4,2C,,2,N,,FW,N,N,4,,,AVAILABLE
3,4,9219,3V,9,4,2C,,2,N,,FW,N,N,4,,,AVAILABLE
3,4,9221,3V,9,4,2C,,2,N,,FW,N,N,4,,,AVAILABLE
3,4,9223,3V,9,4,2C,,2,N,,FW,N,N,4,,,AVAILABLE
3,4,9227,3V,9,4,2C,,2,N,,FW,N,N,4,,,AVAILABLE
3,4,9231,3V,9,4,2C,,2,N,,FW,N,N,4,,,AVAILABLE
3,4,9235,3V,9,4,2C,,2,N,,FW,N,N,4,,,AVAILABLE
3,4,9369,3V,9,4,2C,,2,N,,AF,N,N,4,,,AVAILABLE
3,4,9371,3V,9,4,2C,,2,N,,AF,N,N,4,,,AVAILABLE
3,4,9373,3V,9,4,2C,,2,N,,AF,N,N,4,,,AVAILABLE
3,4,9375,3V,9,4,2C,,2,N,,AF,N,N,4,,,AVAILABLE
3,4,9483,3V,9,4,2C,,2,N,,AF,N,N,4,,,AVAILABLE
3,4,9485,3V,9,4,2C,,2,N,,AF,N,N,4,,,AVAILABLE
3,4,9487,3V,9,4,2C,,2,N,,AF,N,N,4,,,AVAILABLE
3,4,9517,3V,9,4,2C,,2,N,,FW,N,N,4,,,AVAILABLE
3,4,9519,3V,9,4,2C,,2,N,,FW,N,N,4,,,AVAILABLE
3,4,9521,3V,9,4,2C,,2,N,,FW,N,N,4,,,AVAILABLE
3,4,9523,3V,9,4,2C,,2,N,,FW,N,N,4,,,AVAILABLE
3,4,9527,3V,9,4,2C,,2,N,,FW,N,N,4,,,AVAILABLE
3,4,9531,3V,9,4,2C,,2,N,,FW,N,N,4,,,AVAILABLE
3,4,9535,3V,9,4,2C,,2,N,,FW,N,N,4,,,AVAILABLE
3,4,9667,3V,9,4,2C,,2,N,9665,AF,N,N,4,,,AVAILABLE
3,4,9669,3V,9,4,2C,,2,N,,AF,N,N,4,,,AVAILABLE
3,4,9671,3V,9,4,2C,,2,N,,AF,N,N,4,,,AVAILABLE
3,4,9673,3V,9,4,2C,,2,N,,AF,N,N,4,,,AVAILABLE
3,4,9675,3V,9,4,2C,,2,N,,AF,N,N,4,,,AVAILABLE
3,4,9685,3V,9,4,2C,,2,N,,AF,N,N,4,,,AVAILABLE
3,4,9687,3V,9,4,2C,,2,N,,AF,N,N,4,,,AVAILABLE
3,4,9689,3V,9,4,2C,,2,N,,AF,N,N,4,,,AVAILABLE
1,2,1230,4B,10,2,2C,,,N,,FW,Y,N,1,,,AVAILABLE
2,2,1232,4B,10,2,2C,,,N,,FW,Y,N,2,,,AVAILABLE
3,2,1234,4B,10,2,2C,,,N,,FW,Y,N,2,,,AVAILABLE
1,2,1380,4B,10,2,2C,,,N,,AF,Y,N,1,,,AVAILABLE
1,2,1382,4B,10,2,2C,,,N,,AF,Y,N,1,,,AVAILABLE
1,2,1384,4B,10,2,2C,,,N,,AF,Y,N,1,,,AVAILABLE
1,2,1386,4B,10,2,2C,,,N,,AF,Y,N,1,,,AVAILABLE
1,2,1530,4B,10,2,2C,,,N,,FW,Y,N,1,,,AVAILABLE
1,2,1532,4B,10,2,2C,,,N,,FW,Y,N,1,,,AVAILABLE
1,2,1680,4B,10,2,2C,,,N,,AF,Y,N,1,,,AVAILABLE
1,2,1682,4B,10,2,2C,,,N,,AF,Y,N,1,,,AVAILABLE
1,2,1684,4B,10,2,2C,,,N,,AF,Y,N,1,,,AVAILABLE
1,2,1686,4B,10,2,2C,,,N,,AF,Y,N,1,,,AVAILABLE
1,2,6214,4B,6,2,2C,,,N,,FW,Y,N,1,,,AVAILABLE
1,2,6224,4B,6,2,2C,,,N,,FW,Y,N,1,,,AVAILABLE
1,2,6226,4B,6,2,2C,,,N,,FW,Y,N,1,,,AVAILABLE
1,2,6228,4B,6,2,2C,,,N,,FW,Y,N,1,,,AVAILABLE
1,2,6230,4B,6,2,2C,,,N,,FW,Y,N,1,,,AVAILABLE
1,2,6232,4B,6,2,2C,,,N,,FW,Y,N,1,,,AVAILABLE
1,2,6238,4B,6,2,2C,,,N,,FW,Y,N,1,,,AVAILABLE
1,2,6352,4B,6,2,2C,,,N,,AF,Y,N,1,,,AVAILABLE
1,2,6354,4B,6,2,2C,,,N,,AF,Y,N,1,,,AVAILABLE
1,2,6356,4B,6,2,2C,,,N,,AF,Y,N,1,,,AVAILABLE
1,2,6358,4B,6,2,2C,,,N,,AF,Y,N,1,,,AVAILABLE
1,2,6360,4B,6,2,2C,,,N,,AF,Y,N,1,,,AVAILABLE
1,2,6362,4B,6,2,2C,,,N,,AF,Y,N,1,,,AVAILABLE
1,2,6364,4B,6,2,2C,,,N,,AF,Y,N,1,,,AVAILABLE
1,2,6388,4B,6,2,2C,,,N,,AF,Y,N,1,,,AVAILABLE
1,2,6390,4B,6,2,2C,,,N,,AF,Y,N,1,,,AVAILABLE
1,2,6392,4B,6,2,2C,,,N,,AF,Y,N,1,,,AVAILABLE
1,2,6398,4B,6,2,2C,,,N,,AF,Y,N,1,,,AVAILABLE
1,2,6514,4B,6,2,2C,,,N,,FW,Y,N,1,,,AVAILABLE
1,2,6516,4B,6,2,2C,,,N,,FW,Y,N,1,,,AVAILABLE
1,2,6518,4B,6,2,2C,,,N,,FW,Y,N,1,,,AVAILABLE
1,2,6524,4B,6,2,2C,,,N,,FW,Y,N,1,,,AVAILABLE
1,2,6526,4B,6,2,2C,,,N,,FW,Y,N,1,,,AVAILABLE
1,2,6528,4B,6,2,2C,,,N,,FW,Y,N,1,,,AVAILABLE
1,2,6530,4B,6,2,2C,,,N,,FW,Y,N,1,,,AVAILABLE
1,2,6532,4B,6,2,2C,,,N,,FW,Y,N,1,,,AVAILABLE
1,2,6534,4B,6,2,2C,,,N,,FW,Y,N,1,,,AVAILABLE
1,2,6652,4B,6,2,2C,,,N,,AF,Y,N,1,,,AVAILABLE
1,2,6654,4B,6,2,2C,,,N,,AF,Y,N,1,,,AVAILABLE
1,2,6656,4B,6,2,2C,,,N,,AF,Y,N,1,,,AVAILABLE
1,2,6658,4B,6,2,2C,,,N,,AF,Y,N,1,,,AVAILABLE
1,2,6660,4B,6,2,2C,,,N,,AF,Y,N,1,,,AVAILABLE
1,2,6662,4B,6,2,2C,,,N,,AF,Y,N,1,,,AVAILABLE
1,2,6666,4B,6,2,2C,,,N,6668,AF,Y,N,1,,,AVAILABLE
1,2,6686,4B,6,2,2C,,,N,,AF,Y,N,1,,,AVAILABLE
1,2,6688,4B,6,2,2C,,,N,,AF,Y,N,1,,,AVAILABLE
1,2,6690,4B,6,2,2C,,,N,,AF,Y,N,1,,,AVAILABLE
1,2,6692,4B,6,2,2C,,,N,,AF,Y,N,1,,,AVAILABLE
1,2,6698,4B,6,2,2C,,,N,,AF,Y,N,1,,,AVAILABLE
1,2,7218,4B,7,2,2C,,,N,,FW,Y,N,1,,,AVAILABLE
1,2,7220,4B,7,2,2C,,,N,,FW,Y,N,1,,,AVAILABLE
1,2,7222,4B,7,2,2C,,,N,,FW,Y,N,1,,,AVAILABLE
1,2,7224,4B,7,2,2C,,,N,,FW,Y,N,1,,,AVAILABLE
1,2,7226,4B,7,2,2C,,,N,,FW,Y,N,1,,,AVAILABLE
1,2,7228,4B,7,2,2C,,,N,,FW,Y,N,1,,,AVAILABLE
1,2,7230,4B,7,2,2C,,,N,,FW,Y,N,1,,,AVAILABLE
1,2,7232,4B,7,2,2C,,,N,,FW,Y,N,1,,,AVAILABLE
1,2,7238,4B,7,2,2C,,,N,,FW,Y,N,1,,,AVAILABLE
1,2,7354,4B,7,2,2C,,,N,,AF,Y,N,1,,,AVAILABLE
1,2,7356,4B,7,2,2C,,,N,,AF,Y,N,1,,,AVAILABLE
1,2,7358,4B,7,2,2C,,,N,,AF,Y,N,1,,,AVAILABLE
1,2,7360,4B,7,2,2C,,,N,,AF,Y,N,1,,,AVAILABLE
1,2,7362,4B,7,2,2C,,,N,,AF,Y,N,1,,,AVAILABLE
1,2,7364,4B,7,2,2C,,,N,,AF,Y,N,1,,,AVAILABLE
1,2,7366,4B,7,2,2C,,,N,,AF,Y,N,1,,,AVAILABLE
1,2,7380,4B,7,2,2C,,,N,,AF,Y,N,1,,,AVAILABLE
1,2,7386,4B,7,2,2C,,,N,,AF,Y,N,1,,,AVAILABLE
1,2,7388,4B,7,2,2C,,,N,,AF,Y,N,1,,,AVAILABLE
1,2,7390,4B,7,2,2C,,,N,,AF,Y,N,1,,,AVAILABLE
1,2,7392,4B,7,2,2C,,,N,,AF,Y,N,1,,,AVAILABLE
1,2,7398,4B,7,2,2C,,,N,,AF,Y,N,1,,,AVAILABLE
1,2,7518,4B,7,2,2C,,,N,,FW,Y,N,1,,,AVAILABLE
1,2,7520,4B,7,2,2C,,,N,,FW,Y,N,1,,,AVAILABLE
1,2,7522,4B,7,2,2C,,,N,,FW,Y,N,1,,,AVAILABLE
1,2,7524,4B,7,2,2C,,,N,,FW,Y,N,1,,,AVAILABLE
1,2,7526,4B,7,2,2C,,,N,,FW,Y,N,1,,,AVAILABLE
1,2,7528,4B,7,2,2C,,,N,,FW,Y,N,1,,,AVAILABLE
1,2,7530,4B,7,2,2C,,,N,,FW,Y,N,1,,,AVAILABLE
1,2,7532,4B,7,2,2C,,,N,,FW,Y,N,1,,,AVAILABLE
1,2,7534,4B,7,2,2C,,,N,,FW,Y,N,1,,,AVAILABLE
1,2,7654,4B,7,2,2C,,,N,,AF,Y,N,1,,,AVAILABLE
1,2,7656,4B,7,2,2C,,,N,,AF,Y,N,1,,,AVAILABLE
1,2,7658,4B,7,2,2C,,,N,,AF,Y,N,1,,,AVAILABLE
1,2,7660,4B,7,2,2C,,,N,,AF,Y,N,1,,,AVAILABLE
1,2,7662,4B,7,2,2C,,,N,,AF,Y,N,1,,,AVAILABLE
1,2,7664,4B,7,2,2C,,,N,,AF,Y,N,1,,,AVAILABLE
1,2,7666,4B,7,2,2C,,,N,,AF,Y,N,1,,,AVAILABLE
1,2,7680,4B,7,2,2C,,,N,,AF,Y,N,1,,,AVAILABLE
1,2,7686,4B,7,2,2C,,,N,,AF,Y,N,1,,,AVAILABLE
1,2,7688,4B,7,2,2C,,,N,,AF,Y,N,1,,,AVAILABLE
1,2,7690,4B,7,2,2C,,,N,,AF,Y,N,1,,,AVAILABLE
1,2,7692,4B,7,2,2C,,,N,,AF,Y,N,1,,,AVAILABLE
1,2,7698,4B,7,2,2C,,,N,,AF,Y,N,1,,,AVAILABLE
1,2,8216,4B,8,2,2C,,,N,,FW,Y,N,1,,,AVAILABLE
1,2,8222,4B,8,2,2C,,,N,,FW,Y,N,1,,,AVAILABLE
1,2,8224,4B,8,2,2C,,,N,,FW,Y,N,1,,,AVAILABLE
1,2,8226,4B,8,2,2C,,,N,,FW,Y,N,1,,,AVAILABLE
1,2,8228,4B,8,2,2C,,,N,,FW,Y,N,1,,,AVAILABLE
1,2,8230,4B,8,2,2C,,,N,,FW,Y,N,1,,,AVAILABLE
1,2,8232,4B,8,2,2C,,,N,,FW,Y,N,1,,,AVAILABLE
1,2,8238,4B,8,2,2C,,,N,,FW,Y,N,1,,,AVAILABLE
1,2,8240,4B,8,2,2C,,,N,,FW,Y,N,1,,,AVAILABLE
1,2,8350,4B,8,2,2C,,,N,,AF,Y,N,1,,,AVAILABLE
1,2,8352,4B,8,2,2C,,,N,,AF,Y,N,1,,,AVAILABLE
1,2,8354,4B,8,2,2C,,,N,,AF,Y,N,1,,,AVAILABLE
1,2,8356,4B,8,2,2C,,,N,,AF,Y,N,1,,,AVAILABLE
1,2,8358,4B,8,2,2C,,,N,,AF,Y,N,1,,,AVAILABLE
1,2,8360,4B,8,2,2C,,,N,,AF,Y,N,1,,,AVAILABLE
1,2,8362,4B,8,2,2C,,,N,,AF,Y,N,1,,,AVAILABLE
1,2,8364,4B,8,2,2C,,,N,,AF,Y,N,1,,,AVAILABLE
1,2,8366,4B,8,2,2C,,,N,,AF,Y,N,1,,,AVAILABLE
1,2,8368,4B,8,2,2C,,,N,,AF,Y,N,1,,,AVAILABLE
1,2,8370,4B,8,2,2C,,,N,,AF,Y,N,1,,,AVAILABLE
1,2,8372,4B,8,2,2C,,,N,,AF,Y,N,1,,,AVAILABLE
1,2,8374,4B,8,2,2C,,,N,,AF,Y,N,1,,,AVAILABLE
1,2,8376,4B,8,2,2C,,,N,,AF,Y,N,1,,,AVAILABLE
1,2,8378,4B,8,2,2C,,,N,,AF,Y,N,1,,,AVAILABLE
1,2,8384,4B,8,2,2C,,,N,,AF,Y,N,1,,,AVAILABLE
1,2,8386,4B,8,2,2C,,,N,,AF,Y,N,1,,,AVAILABLE
1,2,8388,4B,8,2,2C,,,N,,AF,Y,N,1,,,AVAILABLE
1,2,8390,4B,8,2,2C,,,N,,AF,Y,N,1,,,AVAILABLE
1,2,8392,4B,8,2,2C,,,N,,AF,Y,N,1,,,AVAILABLE
1,2,8394,4B,8,2,2C,,,N,,AF,Y,N,1,,,AVAILABLE
1,2,8396,4B,8,2,2C,,,N,,AF,Y,N,1,,,AVAILABLE
1,2,8398,4B,8,2,2C,,,N,,AF,Y,N,1,,,AVAILABLE
1,2,8516,4B,8,2,2C,,,N,,FW,Y,N,1,,,AVAILABLE
1,2,8522,4B,8,2,2C,,,N,,FW,Y,N,1,,,AVAILABLE
1,2,8524,4B,8,2,2C,,,N,,FW,Y,N,1,,,AVAILABLE
1,2,8526,4B,8,2,2C,,,N,,FW,Y,N,1,,,AVAILABLE
1,2,8528,4B,8,2,2C,,,N,,FW,Y,N,1,,,AVAILABLE
1,2,8530,4B,8,2,2C,,,N,,FW,Y,N,1,,,AVAILABLE
1,2,8532,4B,8,2,2C,,,N,,FW,Y,N,1,,,AVAILABLE
1,2,8534,4B,8,2,2C,,,N,,FW,Y,N,1,,,AVAILABLE
1,2,8540,4B,8,2,2C,,,N,,FW,Y,N,1,,,AVAILABLE
1,2,8650,4B,8,2,2C,,,N,,AF,Y,N,1,,,AVAILABLE
1,2,8652,4B,8,2,2C,,,N,,AF,Y,N,1,,,AVAILABLE
1,2,8654,4B,8,2,2C,,,N,,AF,Y,N,1,,,AVAILABLE
1,2,8656,4B,8,2,2C,,,N,,AF,Y,N,1,,,AVAILABLE
1,2,8658,4B,8,2,2C,,,N,,AF,Y,N,1,,,AVAILABLE
1,2,8660,4B,8,2,2C,,,N,,AF,Y,N,1,,,AVAILABLE
1,2,8662,4B,8,2,2C,,,N,,AF,Y,N,1,,,AVAILABLE
1,2,8664,4B,8,2,2C,,,N,,AF,Y,N,1,,,AVAILABLE
1,2,8666,4B,8,2,2C,,,N,,AF,Y,N,1,,,AVAILABLE
1,2,8668,4B,8,2,2C,,,N,,AF,Y,N,1,,,AVAILABLE
1,2,8670,4B,8,2,2C,,,N,,AF,Y,N,1,,,AVAILABLE
1,2,8672,4B,8,2,2C,,,N,,AF,Y,N,1,,,AVAILABLE
1,2,8674,4B,8,2,2C,,,N,,AF,Y,N,1,,,AVAILABLE
1,2,8676,4B,8,2,2C,,,N,,AF,Y,N,1,,,AVAILABLE
1,2,8678,4B,8,2,2C,,,N,,AF,Y,N,1,,,AVAILABLE
1,2,8684,4B,8,2,2C,,,N,,AF,Y,N,1,,,AVAILABLE
1,2,8686,4B,8,2,2C,,,N,,AF,Y,N,1,,,AVAILABLE
1,2,8688,4B,8,2,2C,,,N,,AF,Y,N,1,,,AVAILABLE
1,2,8690,4B,8,2,2C,,,N,,AF,Y,N,1,,,AVAILABLE
1,2,8692,4B,8,2,2C,,,N,,AF,Y,N,1,,,AVAILABLE
1,2,8694,4B,8,2,2C,,,N,,AF,Y,N,1,,,AVAILABLE
1,2,8696,4B,8,2,2C,,,N,,AF,Y,N,1,,,AVAILABLE
1,2,8698,4B,8,2,2C,,,N,,AF,Y,N,1,,,AVAILABLE
1,2,9356,4B,9,2,2C,,,N,,AF,Y,N,1,,,AVAILABLE
1,2,9358,4B,9,2,2C,,,N,,AF,Y,N,1,,,AVAILABLE
1,2,9360,4B,9,2,2C,,,N,,AF,Y,N,1,,,AVAILABLE
1,2,9362,4B,9,2,2C,,,N,,AF,Y,N,1,,,AVAILABLE
1,2,9364,4B,9,2,2C,,,N,,AF,Y,N,1,,,AVAILABLE
1,2,9366,4B,9,2,2C,,,N,,AF,Y,N,1,,,AVAILABLE
1,2,9368,4B,9,2,2C,,,N,,AF,Y,N,1,,,AVAILABLE
1,2,9370,4B,9,2,2C,,,N,,AF,Y,N,1,,,AVAILABLE
1,2,9372,4B,9,2,2C,,,N,,AF,Y,N,1,,,AVAILABLE
1,2,9380,4B,9,2,2C,,,N,,AF,Y,N,1,,,AVAILABLE
1,2,9382,4B,9,2,2C,,,N,,AF,Y,N,1,,,AVAILABLE
1,2,9384,4B,9,2,2C,,,N,,AF,Y,N,1,,,AVAILABLE
1,2,9386,4B,9,2,2C,,,N,,AF,Y,N,1,,,AVAILABLE
1,2,9388,4B,9,2,2C,,,N,,AF,Y,N,1,,,AVAILABLE
1,2,9390,4B,9,2,2C,,,N,,AF,Y,N,1,,,AVAILABLE
1,2,9392,4B,9,2,2C,,,N,,AF,Y,N,1,,,AVAILABLE
1,2,9394,4B,9,2,2C,,,N,,AF,Y,N,1,,,AVAILABLE
1,2,9396,4B,9,2,2C,,,N,9401,AF,Y,N,1,,,AVAILABLE
1,2,9656,4B,9,2,2C,,,N,,AF,Y,N,1,,,AVAILABLE
1,2,9658,4B,9,2,2C,,,N,,AF,Y,N,1,,,AVAILABLE
1,2,9660,4B,9,2,2C,,,N,,AF,Y,N,1,,,AVAILABLE
1,2,9662,4B,9,2,2C,,,N,,AF,Y,N,1,,,AVAILABLE
1,2,9664,4B,9,2,2C,,,N,,AF,Y,N,1,,,AVAILABLE
1,2,9666,4B,9,2,2C,,,N,,AF,Y,N,1,,,AVAILABLE
1,2,9668,4B,9,2,2C,,,N,,AF,Y,N,1,,,AVAILABLE
1,2,9680,4B,9,2,2C,,,N,,AF,Y,N,1,,,AVAILABLE
1,2,9682,4B,9,2,2C,,,N,,AF,Y,N,1,,,AVAILABLE
1,2,9684,4B,9,2,2C,,,N,,AF,Y,N,1,,,AVAILABLE
1,2,9686,4B,9,2,2C,,,N,,AF,Y,N,1,,,AVAILABLE
1,2,9688,4B,9,2,2C,,,N,,AF,Y,N,1,,,AVAILABLE
1,2,9690,4B,9,2,2C,,,N,,AF,Y,N,1,,,AVAILABLE
1,2,9692,4B,9,2,2C,,,N,,AF,Y,N,1,,,AVAILABLE
1,2,9694,4B,9,2,2C,,,N,,AF,Y,N,1,,,AVAILABLE
1,2,9696,4B,9,2,2C,,,N,9701,AF,Y,N,1,,,AVAILABLE
1,2,1536,4D,10,2,2C,,,N,1534,FW,Y,N,1,,,AVAILABLE
2,2,1538,4D,10,2,2C,,,N,,FW,Y,N,2,,,AVAILABLE
3,2,1828,4D,12,2,2C,,,N,,FW,Y,N,2,,,AVAILABLE
1,2,1830,4D,12,2,2C,,,N,,FW,Y,N,1,,,AVAILABLE
1,2,1840,4D,12,2,2C,,,N,,FW,Y,N,1,,,AVAILABLE
1,2,1878,4D,12,2,2C,,,N,,FW,Y,N,1,,,AVAILABLE
1,2,1880,4D,12,2,2C,,,N,,FW,Y,N,1,,,AVAILABLE
1,2,1890,4D,12,2,2C,,,N,,FW,Y,N,1,,,AVAILABLE
1,2,8242,4D,8,2,2C,,,N,,FW,Y,N,1,,,AVAILABLE
1,2,8536,4D,8,2,2C,,,N,,FW,Y,N,1,,,AVAILABLE
1,2,8538,4D,8,2,2C,,,N,,FW,Y,N,1,,,AVAILABLE
1,2,8542,4D,8,2,2C,,,N,,FW,Y,N,1,,,AVAILABLE
1,2,9240,4D,9,2,2C,,,N,,FW,Y,N,1,,,AVAILABLE
1,2,9242,4D,9,2,2C,,,N,,FW,Y,N,1,,,AVAILABLE
1,2,9540,4D,9,2,2C,,,N,,FW,Y,N,1,,,AVAILABLE
1,2,9542,4D,9,2,2C,,,N,,FW,Y,N,1,,,AVAILABLE
1,2,1394,4M,10,2,2C,,,N,,AF,N,N,1,,,AVAILABLE
2,2,1694,4M,10,2,2C,,,N,,AF,N,N,2,,,AVAILABLE
3,2,6400,4M,6,2,2C,,,N,,AF,N,N,2,,,AVAILABLE
1,2,6402,4M,6,2,2C,,,N,,AF,N,N,1,,,AVAILABLE
1,2,6700,4M,6,2,2C,,,N,,AF,N,N,1,,,AVAILABLE
1,2,6702,4M,6,2,2C,,,N,,AF,N,N,1,,,AVAILABLE
1,2,7400,4M,7,2,2C,,,N,,AF,N,N,1,,,AVAILABLE
1,2,7402,4M,7,2,2C,,,N,,AF,N,N,1,,,AVAILABLE
1,2,7700,4M,7,2,2C,,,N,,AF,N,N,1,,,AVAILABLE
1,2,7702,4M,7,2,2C,,,N,,AF,N,N,1,,,AVAILABLE
1,2,9202,4M,9,2,2C,,,N,,FW,N,N,1,,,AVAILABLE
1,2,9204,4M,9,2,2C,,,N,,FW,N,N,1,,,AVAILABLE
1,2,9216,4M,9,2,2C,,,N,,FW,N,N,1,,,AVAILABLE
1,2,9502,4M,9,2,2C,,,N,,FW,N,N,1,,,AVAILABLE
1,2,9504,4M,9,2,2C,,,N,,FW,N,N,1,,,AVAILABLE
1,2,9516,4M,9,2,2C,,,N,,FW,N,N,1,,,AVAILABLE
1,2,2240,4N,2,2,2C,,,N,,FW,N,N,1,,,AVAILABLE
2,2,2242,4N,2,2,2C,,,N,,FW,N,N,2,,,AVAILABLE
3,2,2340,4N,2,2,2C,,,Y,,AF,N,N,2,,,AVAILABLE
1,2,2344,4N,2,2,2C,,,Y,,AF,N,N,1,,,AVAILABLE
1,2,2348,4N,2,2,2C,,,Y,,AF,N,N,1,,,AVAILABLE
1,2,2366,4N,2,2,2C,,,N,2364,AF,N,N,1,,,AVAILABLE
1,2,2368,4N,2,2,2C,,,N,,AF,N,N,1,,,AVAILABLE
1,2,2640,4N,2,2,2C,,,Y,,AF,N,N,1,,,AVAILABLE
1,2,2644,4N,2,2,2C,,,Y,,AF,N,N,1,,,AVAILABLE
1,2,2648,4N,2,2,2C,,,Y,,AF,N,N,1,,,AVAILABLE
1,2,2666,4N,2,2,2C,,,N,2664,AF,N,N,1,,,AVAILABLE
1,2,2668,4N,2,2,2C,,,N,,AF,N,N,1,,,AVAILABLE
1,2,2670,4N,2,2,2C,,,N,,AF,N,N,1,,,AVAILABLE
1,2,3320,4N,3,2,2C,,,N,3322,AF,N,N,1,,,AVAILABLE
1,2,3322,4N,3,2,2C,,,N,3320,AF,N,N,1,,,AVAILABLE
1,2,3324,4N,3,2,2C,,,N,3326,AF,N,N,1,,,AVAILABLE
1,2,3328,4N,3,2,2C,,,N,,AF,N,N,1,,,AVAILABLE
1,2,3330,4N,3,2,2C,,,N,,AF,N,N,1,,,AVAILABLE
1,2,3334,4N,3,2,2C,,,N,3336,AF,N,N,1,,,AVAILABLE
1,2,3338,4N,3,2,2C,,,N,,AF,N,N,1,,,AVAILABLE
1,2,3340,4N,3,2,2C,,,N,,AF,N,N,1,,,AVAILABLE
1,2,3344,4N,3,2,2C,,,N,,AF,N,N,1,,,AVAILABLE
1,2,3346,4N,3,2,2C,,,N,,AF,N,N,1,,,AVAILABLE
1,2,3348,4N,3,2,2C,,,N,,AF,N,N,1,,,AVAILABLE
1,2,3626,4N,3,2,2C,,,N,3628,AF,N,N,1,,,AVAILABLE
1,2,3628,4N,3,2,2C,,,N,3626,AF,N,N,1,,,AVAILABLE
1,2,3632,4N,3,2,2C,,,N,3630,AF,N,N,1,,,AVAILABLE
1,2,3634,4N,3,2,2C,,,N,3636,AF,N,N,1,,,AVAILABLE
1,2,3636,4N,3,2,2C,,,N,3634,AF,N,N,1,,,AVAILABLE
1,2,3640,4N,3,2,2C,,,N,,AF,N,N,1,,,AVAILABLE
1,2,3642,4N,3,2,2C,,,N,,AF,N,N,1,,,AVAILABLE
1,2,3646,4N,3,2,2C,,,N,,AF,N,N,1,,,AVAILABLE
1,2,3648,4N,3,2,2C,,,N,,AF,N,N,1,,,AVAILABLE
1,2,6204,4N,6,2,2C,,,N,,FW,N,N,1,,,AVAILABLE
1,2,6206,4N,6,2,2C,,,N,,FW,N,N,1,,,AVAILABLE
1,2,6208,4N,6,2,2C,,,N,,FW,N,N,1,,,AVAILABLE
1,2,6504,4N,6,2,2C,,,N,,FW,N,N,1,,,AVAILABLE
1,2,6506,4N,6,2,2C,,,N,,FW,N,N,1,,,AVAILABLE
1,2,6508,4N,6,2,2C,,,N,,FW,N,N,1,,,AVAILABLE
1,2,7202,4N,7,2,2C,,,N,,FW,N,N,1,,,AVAILABLE
1,2,7204,4N,7,2,2C,,,N,,FW,N,N,1,,,AVAILABLE
1,2,7206,4N,7,2,2C,,,N,,FW,N,N,1,,,AVAILABLE
1,2,7502,4N,7,2,2C,,,N,,FW,N,N,1,,,AVAILABLE
1,2,7504,4N,7,2,2C,,,N,,FW,N,N,1,,,AVAILABLE
1,2,7506,4N,7,2,2C,,,N,,FW,N,N,1,,,AVAILABLE
1,2,9214,4N,9,2,2C,,,N,,FW,N,N,1,,,AVAILABLE
1,2,9514,4N,9,2,2C,,,N,,FW,N,N,1,,,AVAILABLE
1,2,1231,4VH,10,2,2C,,,Y,,FW,N,N,1,,,AVAILABLE
1,2,1235,4VH,10,2,2C,,,N,,FW,N,N,1,,,AVAILABLE
2,2,1357,4VH,10,2,2C,,,Y,,AF,N,N,2,,,AVAILABLE
2,2,1359,4VH,10,2,2C,,,N,,AF,N,N,2,,,AVAILABLE
3,2,1361,4VH,10,2,2C,,,N,,AF,N,N,2,,,AVAILABLE
3,2,1363,4VH,10,2,2C,,,N,,AF,N,N,2,,,AVAILABLE
2,2,1365,4VH,10,2,2C,,,N,,AF,N,N,2,,,AVAILABLE
2,2,1367,4VH,10,2,2C,,,N,,AF,N,N,2,,,AVAILABLE
2,2,1369,4VH,10,2,2C,,,N,,AF,N,N,2,,,AVAILABLE
2,2,1371,4VH,10,2,2C,,,N,,AF,N,N,2,,,AVAILABLE
2,2,1373,4VH,10,2,2C,,,N,,AF,N,N,2,,,AVAILABLE
2,2,1375,4VH,10,2,2C,,,N,,AF,N,N,2,,,AVAILABLE
2,2,1377,4VH,10,2,2C,,,N,,AF,N,N,2,,,AVAILABLE
2,2,1531,4VH,10,2,2C,,,N,,FW,N,N,2,,,AVAILABLE
2,2,1535,4VH,10,2,2C,,,Y,,FW,N,N,2,,,AVAILABLE
2,2,1657,4VH,10,2,2C,,,Y,,AF,N,N,2,,,AVAILABLE
2,2,1659,4VH,10,2,2C,,,N,,AF,N,N,2,,,AVAILABLE
2,2,1661,4VH,10,2,2C,,,N,,AF,N,N,2,,,AVAILABLE
2,2,1663,4VH,10,2,2C,,,N,,AF,N,N,2,,,AVAILABLE
2,2,1665,4VH,10,2,2C,,,N,,AF,N,N,2,,,AVAILABLE
2,2,1667,4VH,10,2,2C,,,N,,AF,N,N,2,,,AVAILABLE
2,2,1669,4VH,10,2,2C,,,N,,AF,N,N,2,,,AVAILABLE
2,2,1671,4VH,10,2,2C,,,N,,AF,N,N,2,,,AVAILABLE
2,2,1673,4VH,10,2,2C,,,N,,AF,N,N,2,,,AVAILABLE
2,2,1675,4VH,10,2,2C,,,N,,AF,N,N,2,,,AVAILABLE
2,2,1677,4VH,10,2,2C,,,N,,AF,N,N,2,,,AVAILABLE
2,2,1801,4VH,12,2,2C,,,N,,FW,N,N,2,,,AVAILABLE
2,2,1803,4VH,12,2,2C,,,N,,FW,N,N,2,,,AVAILABLE
2,2,1851,4VH,12,2,2C,,,N,,FW,N,N,2,,,AVAILABLE
2,2,1853,4VH,12,2,2C,,,N,,FW,N,N,2,,,AVAILABLE
1,2,2357,4VL,2,2,2C,,,N,,AF,N,N,1,,,AVAILABLE
1,2,2359,4VL,2,2,2C,,,N,,AF,N,N,1,,,AVAILABLE
2,2,2361,4VL,2,2,2C,,,N,,AF,N,N,2,,,AVAILABLE
2,2,2363,4VL,2,2,2C,,,N,,AF,N,N,2,,,AVAILABLE
3,2,2367,4VL,2,2,2C,,,N,,AF,N,N,2,,,AVAILABLE
3,2,2369,4VL,2,2,2C,,,N,,AF,N,N,2,,,AVAILABLE
2,2,2659,4VL,2,2,2C,,,N,,AF,N,N,2,,,AVAILABLE
2,2,2661,4VL,2,2,2C,,,N,,AF,N,N,2,,,AVAILABLE
2,2,2663,4VL,2,2,2C,,,N,,AF,N,N,2,,,AVAILABLE
2,2,2665,4VL,2,2,2C,,,N,,AF,N,N,2,,,AVAILABLE
2,2,2667,4VL,2,2,2C,,,N,,AF,N,N,2,,,AVAILABLE
2,2,2669,4VL,2,2,2C,,,N,,AF,N,N,2,,,AVAILABLE
2,2,2671,4VL,2,2,2C,,,N,,AF,N,N,2,,,AVAILABLE
2,2,2673,4VL,2,2,2C,,,N,,AF,N,N,2,,,AVAILABLE
2,2,3241,4VL,3,2,2C,,,N,,FW,N,N,2,,,AVAILABLE
2,2,3243,4VL,3,2,2C,,,N,,FW,N,N,2,,,AVAILABLE
2,2,3541,4VL,3,2,2C,,,N,,FW,N,N,2,,,AVAILABLE
2,2,3543,4VL,3,2,2C,,,N,,FW,N,N,2,,,AVAILABLE
2,2,6109,4VH,6,2,2C,,,N,,FW,N,N,2,,,AVAILABLE
2,2,6115,4VH,6,2,2C,,,N,,FW,N,N,2,,,AVAILABLE
2,2,6117,4VH,6,2,2C,,,N,,FW,N,N,2,,,AVAILABLE
2,2,6123,4VH,6,2,2C,,,N,,FW,N,N,2,,,AVAILABLE
2,2,6125,4VH,6,2,2C,,,N,,FW,N,N,2,,,AVAILABLE
2,2,6129,4VH,6,2,2C,,,N,,FW,N,N,2,,,AVAILABLE
2,2,6137,4VH,6,2,2C,,,N,,FW,N,N,2,,,AVAILABLE
2,2,6209,4VH,6,2,2C,,,N,,FW,N,N,2,,,AVAILABLE
2,2,6211,4VH,6,2,2C,,,N,,FW,N,N,2,,,AVAILABLE
2,2,6217,4VH,6,2,2C,,,N,,FW,N,N,2,,,AVAILABLE
2,2,6219,4VH,6,2,2C,,,N,,FW,N,N,2,,,AVAILABLE
2,2,6225,4VH,6,2,2C,,,N,,FW,N,N,2,,,AVAILABLE
2,2,6227,4VH,6,2,2C,,,N,,FW,N,N,2,,,AVAILABLE
2,2,6229,4VH,6,2,2C,,,N,,FW,N,N,2,,,AVAILABLE
2,2,6237,4VH,6,2,2C,,,N,,FW,N,N,2,,,AVAILABLE
2,2,6363,4VH,6,2,2C,,,N,,AF,N,N,2,,,AVAILABLE
2,2,6365,4VH,6,2,2C,,,N,,AF,N,N,2,,,AVAILABLE
2,2,6367,4VH,6,2,2C,,,N,,AF,N,N,2,,,AVAILABLE
2,2,6369,4VH,6,2,2C,,,N,,AF,N,N,2,,,AVAILABLE
2,2,6371,4VH,6,2,2C,,,N,,AF,N,N,2,,,AVAILABLE
2,2,6377,4VH,6,2,2C,,,N,,AF,N,N,2,,,AVAILABLE
2,2,6385,4VH,6,2,2C,,,N,,AF,N,N,2,,,AVAILABLE
2,2,6389,4VH,6,2,2C,,,N,,AF,N,N,2,,,AVAILABLE
2,2,6391,4VH,6,2,2C,,,N,,AF,N,N,2,,,AVAILABLE
2,2,6393,4VH,6,2,2C,,,N,6395,AF,N,N,2,,,AVAILABLE
2,2,6395,4VH,6,2,2C,,,N,6393,AF,N,N,2,,,AVAILABLE
2,2,6397,4VH,6,2,2C,,,N,6399,AF,N,N,2,,,AVAILABLE
2,2,6399,4VH,6,2,2C,,,N,6397,AF,N,N,2,,,AVAILABLE
2,2,6403,4VH,6,2,2C,,,N,,AF,N,N,2,,,AVAILABLE
2,2,6407,4VH,6,2,2C,,,N,,AF,N,N,2,,,AVAILABLE
2,2,6451,4VH,6,2,2C,,,N,,AF,N,N,2,,,AVAILABLE
2,2,6457,4VH,6,2,2C,,,N,,AF,N,N,2,,,AVAILABLE
2,2,6463,4VH,6,2,2C,,,N,,AF,N,N,2,,,AVAILABLE
2,2,6467,4VH,6,2,2C,,,N,,AF,N,N,2,,,AVAILABLE
2,2,6469,4VH,6,2,2C,,,N,,AF,N,N,2,,,AVAILABLE
2,2,6483,4VH,6,2,2C,,,N,,AF,N,N,2,,,AVAILABLE
2,2,6485,4VH,6,2,2C,,,N,,AF,N,N,2,,,AVAILABLE
2,2,6487,4VH,6,2,2C,,,N,,AF,N,N,2,,,AVAILABLE
2,2,6489,4VH,6,2,2C,,,N,6491,AF,N,N,2,,,AVAILABLE
2,2,6491,4VH,6,2,2C,,,N,6489,AF,N,N,2,,,AVAILABLE
2,2,6493,4VH,6,2,2C,,,N,,AF,N,N,2,,,AVAILABLE
2,2,6497,4VH,6,2,2C,,,N,,AF,N,N,2,,,AVAILABLE
2,2,6499,4VH,6,2,2C,,,N,,AF,N,N,2,,,AVAILABLE
2,2,6509,4VH,6,2,2C,,,N,,FW,N,N,2,,,AVAILABLE
2,2,6515,4VH,6,2,2C,,,N,,FW,N,N,2,,,AVAILABLE
2,2,6517,4VH,6,2,2C,,,N,,FW,N,N,2,,,AVAILABLE
2,2,6519,4VH,6,2,2C,,,N,,FW,N,N,2,,,AVAILABLE
2,2,6525,4VH,6,2,2C,,,N,,FW,N,N,2,,,AVAILABLE
2,2,6527,4VH,6,2,2C,,,N,,FW,N,N,2,,,AVAILABLE
2,2,6529,4VH,6,2,2C,,,N,,FW,N,N,2,,,AVAILABLE
2,2,6663,4VH,6,2,2C,,,N,,AF,N,N,2,,,AVAILABLE
2,2,6665,4VH,6,2,2C,,,N,,AF,N,N,2,,,AVAILABLE
2,2,6667,4VH,6,2,2C,,,N,,AF,N,N,2,,,AVAILABLE
2,2,6669,4VH,6,2,2C,,,N,,AF,N,N,2,,,AVAILABLE
2,2,6671,4VH,6,2,2C,,,N,,AF,N,N,2,,,AVAILABLE
2,2,6677,4VH,6,2,2C,,,N,,AF,N,N,2,,,AVAILABLE
2,2,6685,4VH,6,2,2C,,,N,,AF,N,N,2,,,AVAILABLE
2,2,6687,4VH,6,2,2C,,,N,,AF,N,N,2,,,AVAILABLE
2,2,6689,4VH,6,2,2C,,,N,,AF,N,N,2,,,AVAILABLE
2,2,6691,4VH,6,2,2C,,,N,,AF,N,N,2,,,AVAILABLE
2,2,6693,4VH,6,2,2C,,,N,,AF,N,N,2,,,AVAILABLE
2,2,6695,4VH,6,2,2C,,,N,,AF,N,N,2,,,AVAILABLE
2,2,6697,4VH,6,2,2C,,,N,6699,AF,N,N,2,,,AVAILABLE
2,2,6699,4VH,6,2,2C,,,N,6697,AF,N,N,2,,,AVAILABLE
2,2,6703,4VH,6,2,2C,,,N,,AF,N,N,2,,,AVAILABLE
2,2,6707,4VH,6,2,2C,,,N,,AF,N,N,2,,,AVAILABLE
2,2,7117,4VH,7,2,2C,,,N,,FW,N,N,2,,,AVAILABLE
2,2,7119,4VH,7,2,2C,,,N,,FW,N,N,2,,,AVAILABLE
2,2,7121,4VH,7,2,2C,,,N,,FW,N,N,2,,,AVAILABLE
2,2,7123,4VH,7,2,2C,,,N,,FW,N,N,2,,,AVAILABLE
2,2,7125,4VH,7,2,2C,,,N,,FW,N,N,2,,,AVAILABLE
2,2,7129,4VH,7,2,2C,,,N,,FW,N,N,2,,,AVAILABLE
2,2,7137,4VH,7,2,2C,,,N,,FW,N,N,2,,,AVAILABLE
2,2,7139,4VH,7,2,2C,,,N,,FW,N,N,2,,,AVAILABLE
2,2,7217,4VH,7,2,2C,,,N,,FW,N,N,2,,,AVAILABLE
2,2,7219,4VH,7,2,2C,,,N,,FW,N,N,2,,,AVAILABLE
2,2,7221,4VH,7,2,2C,,,N,,FW,N,N,2,,,AVAILABLE
2,2,7223,4VH,7,2,2C,,,N,,FW,N,N,2,,,AVAILABLE
2,2,7225,4VH,7,2,2C,,,N,,FW,N,N,2,,,AVAILABLE
2,2,7227,4VH,7,2,2C,,,N,,FW,N,N,2,,,AVAILABLE
2,2,7229,4VH,7,2,2C,,,N,,FW,N,N,2,,,AVAILABLE
2,2,7237,4VH,7,2,2C,,,N,,FW,N,N,2,,,AVAILABLE
2,2,7355,4VH,7,2,2C,,,N,,AF,N,N,2,,,AVAILABLE
2,2,7357,4VH,7,2,2C,,,N,,AF,N,N,2,,,AVAILABLE
2,2,7365,4VH,7,2,2C,,,N,,AF,N,N,2,,,AVAILABLE
2,2,7371,4VH,7,2,2C,,,N,,AF,N,N,2,,,AVAILABLE
2,2,7377,4VH,7,2,2C,,,N,,AF,N,N,2,,,AVAILABLE
2,2,7385,4VH,7,2,2C,,,N,,AF,N,N,2,,,AVAILABLE
2,2,7387,4VH,7,2,2C,,,N,,AF,N,N,2,,,AVAILABLE
2,2,7389,4VH,7,2,2C,,,N,,AF,N,N,2,,,AVAILABLE
2,2,7391,4VH,7,2,2C,,,N,,AF,N,N,2,,,AVAILABLE
2,2,7393,4VH,7,2,2C,,,N,,AF,N,N,2,,,AVAILABLE
2,2,7395,4VH,7,2,2C,,,N,,AF,N,N,2,,,AVAILABLE
2,2,7397,4VH,7,2,2C,,,N,,AF,N,N,2,,,AVAILABLE
2,2,7399,4VH,7,2,2C,,,N,,AF,N,N,2,,,AVAILABLE
2,2,7401,4VH,7,2,2C,,,N,,AF,N,N,2,,,AVAILABLE
2,2,7451,4VH,7,2,2C,,,N,,AF,N,N,2,,,AVAILABLE
2,2,7459,4VH,7,2,2C,,,N,,AF,N,N,2,,,AVAILABLE
2,2,7461,4VH,7,2,2C,,,N,,AF,N,N,2,,,AVAILABLE
2,2,7463,4VH,7,2,2C,,,N,,AF,N,N,2,,,AVAILABLE
2,2,7467,4VH,7,2,2C,,,N,,AF,N,N,2,,,AVAILABLE
2,2,7469,4VH,7,2,2C,,,N,,AF,N,N,2,,,AVAILABLE
2,2,7471,4VH,7,2,2C,,,N,,AF,N,N,2,,,AVAILABLE
2,2,7473,4VH,7,2,2C,,,N,,AF,N,N,2,,,AVAILABLE
2,2,7481,4VH,7,2,2C,,,N,,AF,N,N,2,,,AVAILABLE
2,2,7483,4VH,7,2,2C,,,N,,AF,N,N,2,,,AVAILABLE
2,2,7485,4VH,7,2,2C,,,N,,AF,N,N,2,,,AVAILABLE
2,2,7487,4VH,7,2,2C,,,N,,AF,N,N,2,,,AVAILABLE
2,2,7489,4VH,7,2,2C,,,N,7491,AF,N,N,2,,,AVAILABLE
2,2,7491,4VH,7,2,2C,,,N,7489,AF,N,N,2,,,AVAILABLE
2,2,7493,4VH,7,2,2C,,,N,,AF,N,N,2,,,AVAILABLE
2,2,7495,4VH,7,2,2C,,,N,,AF,N,N,2,,,AVAILABLE
2,2,7497,4VH,7,2,2C,,,N,7499,AF,N,N,2,,,AVAILABLE
2,2,7499,4VH,7,2,2C,,,N,7497,AF,N,N,2,,,AVAILABLE
2,2,7517,4VH,7,2,2C,,,N,,FW,N,N,2,,,AVAILABLE
2,2,7519,4VH,7,2,2C,,,N,,FW,N,N,2,,,AVAILABLE
2,2,7521,4VH,7,2,2C,,,N,,FW,N,N,2,,,AVAILABLE
2,2,7523,4VH,7,2,2C,,,N,,FW,N,N,2,,,AVAILABLE
2,2,7525,4VH,7,2,2C,,,N,,FW,N,N,2,,,AVAILABLE
2,2,7529,4VH,7,2,2C,,,N,,FW,N,N,2,,,AVAILABLE
2,2,7661,4VH,7,2,2C,,,N,,AF,N,N,2,,,AVAILABLE
2,2,7663,4VH,7,2,2C,,,N,,AF,N,N,2,,,AVAILABLE
2,2,7665,4VH,7,2,2C,,,N,,AF,N,N,2,,,AVAILABLE
2,2,7671,4VH,7,2,2C,,,N,7669,AF,N,N,2,,,AVAILABLE
2,2,7677,4VH,7,2,2C,,,N,,AF,N,N,2,,,AVAILABLE
2,2,7687,4VH,7,2,2C,,,N,,AF,N,N,2,,,AVAILABLE
2,2,7689,4VH,7,2,2C,,,N,,AF,N,N,2,,,AVAILABLE
2,2,7691,4VH,7,2,2C,,,N,,AF,N,N,2,,,AVAILABLE
2,2,7693,4VH,7,2,2C,,,N,7695,AF,N,N,2,,,AVAILABLE
2,2,7695,4VH,7,2,2C,,,N,7693,AF,N,N,2,,,AVAILABLE
2,2,7697,4VH,7,2,2C,,,N,,AF,N,N,2,,,AVAILABLE
2,2,7699,4VH,7,2,2C,,,N,,AF,N,N,2,,,AVAILABLE
2,2,7703,4VH,7,2,2C,,,N,7707,AF,N,N,2,,,AVAILABLE
2,2,8115,4VH,8,2,2C,,,N,,FW,N,N,2,,,AVAILABLE
2,2,8117,4VH,8,2,2C,,,N,,FW,N,N,2,,,AVAILABLE
2,2,8119,4VH,8,2,2C,,,N,,FW,N,N,2,,,AVAILABLE
2,2,8121,4VH,8,2,2C,,,N,,FW,N,N,2,,,AVAILABLE
2,2,8127,4VH,8,2,2C,,,N,,FW,N,N,2,,,AVAILABLE
2,2,8129,4VH,8,2,2C,,,N,,FW,N,N,2,,,AVAILABLE
2,2,8131,4VH,8,2,2C,,,N,,FW,N,N,2,,,AVAILABLE
2,2,8133,4VH,8,2,2C,,,N,,FW,N,N,2,,,AVAILABLE
2,2,8211,4VH,8,2,2C,,,N,,FW,N,N,2,,,AVAILABLE
2,2,8217,4VH,8,2,2C,,,N,8219,FW,N,N,2,,,AVAILABLE
2,2,8219,4VH,8,2,2C,,,N,8217,FW,N,N,2,,,AVAILABLE
2,2,8221,4VH,8,2,2C,,,N,,FW,N,N,2,,,AVAILABLE
2,2,8229,4VH,8,2,2C,,,N,,FW,N,N,2,,,AVAILABLE
2,2,8231,4VH,8,2,2C,,,N,,FW,N,N,2,,,AVAILABLE
2,2,8237,4VH,8,2,2C,,,N,,FW,N,N,2,,,AVAILABLE
2,2,8355,4VH,8,2,2C,,,N,,AF,N,N,2,,,AVAILABLE
2,2,8357,4VH,8,2,2C,,,N,,AF,N,N,2,,,AVAILABLE
2,2,8359,4VH,8,2,2C,,,N,8361,AF,N,N,2,,,AVAILABLE
2,2,8361,4VH,8,2,2C,,,N,8359,AF,N,N,2,,,AVAILABLE
2,2,8363,4VH,8,2,2C,,,N,,AF,N,N,2,,,AVAILABLE
2,2,8377,4VH,8,2,2C,,,N,,AF,N,N,2,,,AVAILABLE
2,2,8385,4VH,8,2,2C,,,N,,AF,N,N,2,,,AVAILABLE
2,2,8387,4VH,8,2,2C,,,N,,AF,N,N,2,,,AVAILABLE
2,2,8389,4VH,8,2,2C,,,N,,AF,N,N,2,,,AVAILABLE
2,2,8391,4VH,8,2,2C,,,N,,AF,N,N,2,,,AVAILABLE
2,2,8393,4VH,8,2,2C,,,N,,AF,N,N,2,,,AVAILABLE
2,2,8395,4VH,8,2,2C,,,N,,AF,N,N,2,,,AVAILABLE
2,2,8397,4VH,8,2,2C,,,N,,AF,N,N,2,,,AVAILABLE
2,2,8399,4VH,8,2,2C,,,N,,AF,N,N,2,,,AVAILABLE
2,2,8401,4VH,8,2,2C,,,N,,AF,N,N,2,,,AVAILABLE
2,2,8403,4VH,8,2,2C,,,N,,AF,N,N,2,,,AVAILABLE
2,2,8405,4VH,8,2,2C,,,N,,AF,N,N,2,,,AVAILABLE
2,2,8407,4VH,8,2,2C,,,N,,AF,N,N,2,,,AVAILABLE
2,2,8463,4VH,8,2,2C,,,N,,AF,N,N,2,,,AVAILABLE
2,2,8467,4VH,8,2,2C,,,N,,AF,N,N,2,,,AVAILABLE
2,2,8483,4VH,8,2,2C,,,N,8481,AF,N,N,2,,,AVAILABLE
2,2,8485,4VH,8,2,2C,,,N,,AF,N,N,2,,,AVAILABLE
2,2,8487,4VH,8,2,2C,,,N,,AF,N,N,2,,,AVAILABLE
2,2,8489,4VH,8,2,2C,,,N,,AF,N,N,2,,,AVAILABLE
2,2,8491,4VH,8,2,2C,,,N,,AF,N,N,2,,,AVAILABLE
2,2,8493,4VH,8,2,2C,,,N,,AF,N,N,2,,,AVAILABLE
2,2,8495,4VH,8,2,2C,,,N,,AF,N,N,2,,,AVAILABLE
2,2,8497,4VH,8,2,2C,,,N,8499,AF,N,N,2,,,AVAILABLE
2,2,8499,4VH,8,2,2C,,,N,8497,AF,N,N,2,,,AVAILABLE
2,2,8511,4VH,8,2,2C,,,N,,FW,N,N,2,,,AVAILABLE
2,2,8515,4VH,8,2,2C,,,N,8513,FW,N,N,2,,,AVAILABLE
2,2,8517,4VH,8,2,2C,,,N,,FW,N,N,2,,,AVAILABLE
2,2,8519,4VH,8,2,2C,,,N,,FW,N,N,2,,,AVAILABLE
2,2,8521,4VH,8,2,2C,,,N,,FW,N,N,2,,,AVAILABLE
2,2,8523,4VH,8,2,2C,,,N,,FW,N,N,2,,,AVAILABLE
2,2,8525,4VH,8,2,2C,,,N,,FW,N,N,2,,,AVAILABLE
2,2,8527,4VH,8,2,2C,,,N,,FW,N,N,2,,,AVAILABLE
2,2,8529,4VH,8,2,2C,,,N,,FW,N,N,2,,,AVAILABLE
2,2,8531,4VH,8,2,2C,,,N,,FW,N,N,2,,,AVAILABLE
2,2,8657,4VH,8,2,2C,,,N,,AF,N,N,2,,,AVAILABLE
2,2,8677,4VH,8,2,2C,,,N,,AF,N,N,2,,,AVAILABLE
2,2,8685,4VH,8,2,2C,,,N,8687,AF,N,N,2,,,AVAILABLE
2,2,8689,4VH,8,2,2C,,,N,,AF,N,N,2,,,AVAILABLE
2,2,8691,4VH,8,2,2C,,,N,,AF,N,N,2,,,AVAILABLE
2,2,8693,4VH,8,2,2C,,,N,,AF,N,N,2,,,AVAILABLE
2,2,8695,4VH,8,2,2C,,,N,,AF,N,N,2,,,AVAILABLE
2,2,8697,4VH,8,2,2C,,,N,,AF,N,N,2,,,AVAILABLE
2,2,8699,4VH,8,2,2C,,,N,,AF,N,N,2,,,AVAILABLE
2,2,8701,4VH,8,2,2C,,,N,,AF,N,N,2,,,AVAILABLE
2,2,8703,4VH,8,2,2C,,,N,8707,AF,N,N,2,,,AVAILABLE
2,2,8705,4VH,8,2,2C,,,N,,AF,N,N,2,,,AVAILABLE
2,2,8707,4VH,8,2,2C,,,N,8703,AF,N,N,2,,,AVAILABLE
2,2,9201,4VH,9,2,2C,,,N,,FW,N,N,2,,,AVAILABLE
2,2,9225,4VH,9,2,2C,,,N,,FW,N,N,2,,,AVAILABLE
2,2,9229,4VH,9,2,2C,,,N,,FW,N,N,2,,,AVAILABLE
2,2,9233,4VH,9,2,2C,,,N,,FW,N,N,2,,,AVAILABLE
2,2,9237,4VH,9,2,2C,,,N,,FW,N,N,2,,,AVAILABLE
2,2,9357,4VH,9,2,2C,,,Y,,AF,N,N,2,,,AVAILABLE
2,2,9359,4VH,9,2,2C,,,N,,AF,N,N,2,,,AVAILABLE
2,2,9361,4VH,9,2,2C,,,N,9363,AF,N,N,2,,,AVAILABLE
2,2,9363,4VH,9,2,2C,,,N,9361,AF,N,N,2,,,AVAILABLE
2,2,9365,4VH,9,2,2C,,,N,9367,AF,N,N,2,,,AVAILABLE
2,2,9367,4VH,9,2,2C,,,N,9365,AF,N,N,2,,,AVAILABLE
2,2,9385,4VH,9,2,2C,,,N,,AF,N,N,2,,,AVAILABLE
2,2,9387,4VH,9,2,2C,,,N,,AF,N,N,2,,,AVAILABLE
2,2,9389,4VH,9,2,2C,,,N,,AF,N,N,2,,,AVAILABLE
2,2,9391,4VH,9,2,2C,,,N,,AF,N,N,2,,,AVAILABLE
2,2,9393,4VH,9,2,2C,,,N,,AF,N,N,2,,,AVAILABLE
2,2,9395,4VH,9,2,2C,,,N,,AF,N,N,2,,,AVAILABLE
2,2,9397,4VH,9,2,2C,,,N,,AF,N,N,2,,,AVAILABLE
2,2,9399,4VH,9,2,2C,,,N,,AF,N,N,2,,,AVAILABLE
2,2,9401,4VH,9,2,2C,,,N,9396,AF,N,N,2,,,AVAILABLE
2,2,9403,4VH,9,2,2C,,,N,,AF,N,N,2,,,AVAILABLE
2,2,9489,4VH,9,2,2C,,,N,,AF,N,N,2,,,AVAILABLE
2,2,9491,4VH,9,2,2C,,,N,,AF,N,N,2,,,AVAILABLE
2,2,9493,4VH,9,2,2C,,,N,,AF,N,N,2,,,AVAILABLE
2,2,9495,4VH,9,2,2C,,,N,,AF,N,N,2,,,AVAILABLE
2,2,9497,4VH,9,2,2C,,,N,,AF,N,N,2,,,AVAILABLE
2,2,9499,4VH,9,2,2C,,,N,,AF,N,N,2,,,AVAILABLE
2,2,9501,4VH,9,2,2C,,,N,,FW,N,N,2,,,AVAILABLE
2,2,9525,4VH,9,2,2C,,,N,,FW,N,N,2,,,AVAILABLE
2,2,9529,4VH,9,2,2C,,,N,,FW,N,N,2,,,AVAILABLE
2,2,9533,4VH,9,2,2C,,,N,,FW,N,N,2,,,AVAILABLE
2,2,9657,4VH,9,2,2C,,,N,9659,AF,N,N,2,,,AVAILABLE
2,2,9659,4VH,9,2,2C,,,N,9657,AF,N,N,2,,,AVAILABLE
2,2,9661,4VH,9,2,2C,,,N,9663,AF,N,N,2,,,AVAILABLE
2,2,9663,4VH,9,2,2C,,,N,9661,AF,N,N,2,,,AVAILABLE
2,2,9665,4VH,9,2,2C,,,N,9667,AF,N,N,2,,,AVAILABLE
2,2,9677,4VH,9,2,2C,,,N,,AF,N,N,2,,,AVAILABLE
2,2,9691,4VH,9,2,2C,,,N,,AF,N,N,2,,,AVAILABLE
2,2,9693,4VH,9,2,2C,,,N,,AF,N,N,2,,,AVAILABLE
2,2,9695,4VH,9,2,2C,,,N,,AF,N,N,2,,,AVAILABLE
2,2,9697,4VH,9,2,2C,,,N,,AF,N,N,2,,,AVAILABLE
2,2,9699,4VH,9,2,2C,,,N,,AF,N,N,2,,,AVAILABLE
2,2,9701,4VH,9,2,2C,,,N,9696,AF,N,N,2,,,AVAILABLE
2,2,9703,4VH,9,2,2C,,,N,,AF,N,N,2,,,AVAILABLE
1,2,6242,5D,6,3,2C,,1,N,,FW,Y,N,1,,,AVAILABLE
1,3,6244,5D,6,3,2C,,1,N,,MS,Y,N,1,,,AVAILABLE
2,2,6250,5D,6,3,2C,,1,N,,MS,Y,N,2,,,AVAILABLE
2,3,6254,5D,6,3,2C,,1,N,,MS,Y,N,3,,,AVAILABLE
3,2,6292,5D,6,3,2C,,1,N,,MS,Y,N,2,,,AVAILABLE
3,3,6294,5D,6,3,2C,,1,N,,MS,Y,N,3,,,AVAILABLE
1,3,6298,5D,6,3,2C,,1,N,,MS,Y,N,1,,,AVAILABLE
1,3,6302,5D,6,3,2C,,1,N,6300,MS,Y,N,1,,,AVAILABLE
1,3,6310,5D,6,3,2C,,1,N,6312,MS,Y,N,1,,,AVAILABLE
1,3,6326,5D,6,3,2C,,1,N,6328,MS,Y,N,1,,,AVAILABLE
1,3,6328,5D,6,3,2C,,1,N,6326,MS,Y,N,1,,,AVAILABLE
1,3,6536,5D,6,3,2C,,1,N,6538,FW,Y,N,1,,,AVAILABLE
1,3,6538,5D,6,3,2C,,1,N,6536,FW,Y,N,1,,,AVAILABLE
1,3,6542,5D,6,3,2C,,1,N,,FW,Y,N,1,,,AVAILABLE
1,3,6544,5D,6,3,2C,,1,N,,MS,Y,N,1,,,AVAILABLE
1,3,6550,5D,6,3,2C,,1,N,,MS,Y,N,1,,,AVAILABLE
1,3,6554,5D,6,3,2C,,1,N,,MS,Y,N,1,,,AVAILABLE
1,3,6588,5D,6,3,2C,,1,N,,MS,Y,N,1,,,AVAILABLE
1,3,6592,5D,6,3,2C,,1,N,,MS,Y,N,1,,,AVAILABLE
1,3,6594,5D,6,3,2C,,1,N,,MS,Y,N,1,,,AVAILABLE
1,3,6598,5D,6,3,2C,,1,N,,MS,Y,N,1,,,AVAILABLE
1,3,6602,5D,6,3,2C,,1,N,6600,MS,Y,N,1,,,AVAILABLE
1,3,6610,5D,6,3,2C,,1,N,6612,MS,Y,N,1,,,AVAILABLE
1,3,6626,5D,6,3,2C,,1,N,6628,MS,Y,N,1,,,AVAILABLE
1,3,6628,5D,6,3,2C,,1,N,6626,MS,Y,N,1,,,AVAILABLE
1,3,7242,5D,7,3,2C,,1,N,,FW,Y,N,1,,,AVAILABLE
1,3,7244,5D,7,3,2C,,1,N,,MS,Y,N,1,,,AVAILABLE
1,3,7250,5D,7,3,2C,,1,N,,MS,Y,N,1,,,AVAILABLE
1,3,7254,5D,7,3,2C,,1,N,7256,MS,Y,N,1,,,AVAILABLE
1,3,7292,5D,7,3,2C,,1,N,,MS,Y,N,1,,,AVAILABLE
1,3,7294,5D,7,3,2C,,1,N,,MS,Y,N,1,,,AVAILABLE
1,3,7298,5D,7,3,2C,,1,N,,MS,Y,N,1,,,AVAILABLE
1,3,7304,5D,7,3,2C,,1,N,7306,MS,Y,N,1,,,AVAILABLE
1,3,7310,5D,7,3,2C,,1,N,,MS,Y,N,1,,,AVAILABLE
1,3,7314,5D,7,3,2C,,1,N,7312,MS,Y,N,1,,,AVAILABLE
1,3,7326,5D,7,3,2C,,1,N,7328,MS,Y,N,1,,,AVAILABLE
1,3,7328,5D,7,3,2C,,1,N,7326,MS,Y,N,1,,,AVAILABLE
1,3,7536,5D,7,3,2C,,1,N,7538,FW,Y,N,1,,,AVAILABLE
1,3,7538,5D,7,3,2C,,1,N,7536,FW,Y,N,1,,,AVAILABLE
1,3,7542,5D,7,3,2C,,1,N,,FW,Y,N,1,,,AVAILABLE
1,3,7550,5D,7,3,2C,,1,N,,MS,Y,N,1,,,AVAILABLE
1,3,7554,5D,7,3,2C,,1,N,7556,MS,Y,N,1,,,AVAILABLE
1,3,7556,5D,7,3,2C,,1,N,7554,MS,Y,N,1,,,AVAILABLE
1,3,7592,5D,7,3,2C,,1,N,,MS,Y,N,1,,,AVAILABLE
1,3,7594,5D,7,3,2C,,1,N,,MS,Y,N,1,,,AVAILABLE
1,3,7598,5D,7,3,2C,,1,N,,MS,Y,N,1,,,AVAILABLE
1,3,7600,5D,7,3,2C,,1,N,7602,MS,Y,N,1,,,AVAILABLE
1,3,7610,5D,7,3,2C,,1,N,,MS,Y,N,1,,,AVAILABLE
1,3,7626,5D,7,3,2C,,1,N,7628,MS,Y,N,1,,,AVAILABLE
1,3,7628,5D,7,3,2C,,1,N,7626,MS,Y,N,1,,,AVAILABLE
1,2,1236,5D,10,2,2C,,,N,1238,FW,Y,N,1,,,AVAILABLE
1,2,1238,5D,10,2,2C,,,N,1236,FW,Y,N,1,,,AVAILABLE
1,2,1832,5D,12,2,2C,,,N,1834,FW,Y,N,1,,,AVAILABLE
1,2,1834,5D,12,2,2C,,,N,1832,FW,Y,N,1,,,AVAILABLE
1,2,1836,5D,12,2,2C,,,N,1838,FW,Y,N,1,,,AVAILABLE
1,2,1838,5D,12,2,2C,,,N,1836,FW,Y,N,1,,,AVAILABLE
1,2,1882,5D,12,2,2C,,,N,1884,FW,Y,N,1,,,AVAILABLE
1,2,1884,5D,12,2,2C,,,N,1882,FW,Y,N,1,,,AVAILABLE
1,2,1886,5D,12,2,2C,,,N,1888,FW,Y,N,1,,,AVAILABLE
1,2,1888,5D,12,2,2C,,,N,1886,FW,Y,N,1,,,AVAILABLE
1,2,6234,5D,6,2,2C,,,N,6236,FW,Y,N,1,,,AVAILABLE
1,2,6236,5D,6,2,2C,,,N,6234,FW,Y,N,1,,,AVAILABLE
1,2,6304,5D,6,2,2C,,,N,6306,MS,Y,N,1,,,AVAILABLE
1,2,6306,5D,6,2,2C,,,N,6304,MS,Y,N,1,,,AVAILABLE
1,2,6316,5D,6,2,2C,,,N,6318,MS,Y,N,1,,,AVAILABLE
1,2,6318,5D,6,2,2C,,,N,6316,MS,Y,N,1,,,AVAILABLE
1,2,6382,5D,6,2,2C,,,N,6384,AF,Y,N,1,,,AVAILABLE
1,2,6384,5D,6,2,2C,,,N,6382,AF,Y,N,1,,,AVAILABLE
1,2,6394,5D,6,2,2C,,,N,6396,AF,Y,N,1,,,AVAILABLE
1,2,6396,5D,6,2,2C,,,N,6394,AF,Y,N,1,,,AVAILABLE
1,2,6604,5D,6,2,2C,,,N,6606,MS,Y,N,1,,,AVAILABLE
1,2,6606,5D,6,2,2C,,,N,6604,MS,Y,N,1,,,AVAILABLE
1,2,6616,5D,6,2,2C,,,N,6618,MS,Y,N,1,,,AVAILABLE
1,2,6618,5D,6,2,2C,,,N,6616,MS,Y,N,1,,,AVAILABLE
1,2,6682,5D,6,2,2C,,,N,6684,AF,Y,N,1,,,AVAILABLE
1,2,6684,5D,6,2,2C,,,N,6682,AF,Y,N,1,,,AVAILABLE
1,2,6694,5D,6,2,2C,,,N,6696,AF,Y,N,1,,,AVAILABLE
1,2,6696,5D,6,2,2C,,,N,6694,AF,Y,N,1,,,AVAILABLE
1,2,7234,5D,7,2,2C,,,N,7236,FW,Y,N,1,,,AVAILABLE
1,2,7236,5D,7,2,2C,,,N,7234,FW,Y,N,1,,,AVAILABLE
1,2,7262,5D,7,2,2C,,,N,7264,MS,Y,N,1,,,AVAILABLE
1,2,7264,5D,7,2,2C,,,N,7262,MS,Y,N,1,,,AVAILABLE
1,2,7300,5D,7,2,2C,,,N,7302,MS,Y,N,1,,,AVAILABLE
1,2,7302,5D,7,2,2C,,,N,7300,MS,Y,N,1,,,AVAILABLE
1,2,7316,5D,7,2,2C,,,N,7318,MS,Y,N,1,,,AVAILABLE
1,2,7318,5D,7,2,2C,,,N,7316,MS,Y,N,1,,,AVAILABLE
1,2,7350,5D,7,2,2C,,,N,7352,AF,Y,N,1,,,AVAILABLE
1,2,7352,5D,7,2,2C,,,N,7350,AF,Y,N,1,,,AVAILABLE
1,2,7382,5D,7,2,2C,,,N,7384,AF,Y,N,1,,,AVAILABLE
1,2,7384,5D,7,2,2C,,,N,7382,AF,Y,N,1,,,AVAILABLE
1,2,7394,5D,7,2,2C,,,N,7396,AF,Y,N,1,,,AVAILABLE
1,2,7396,5D,7,2,2C,,,N,7394,AF,Y,N,1,,,AVAILABLE
1,2,7562,5D,7,2,2C,,,N,7564,MS,Y,N,1,,,AVAILABLE
1,2,7564,5D,7,2,2C,,,N,7562,MS,Y,N,1,,,AVAILABLE
1,2,7604,5D,7,2,2C,,,N,7606,MS,Y,N,1,,,AVAILABLE
1,2,7606,5D,7,2,2C,,,N,7604,MS,Y,N,1,,,AVAILABLE
1,2,7612,5D,7,2,2C,,,N,7614,MS,Y,N,1,,,AVAILABLE
1,2,7614,5D,7,2,2C,,,N,7612,MS,Y,N,1,,,AVAILABLE
1,2,7616,5D,7,2,2C,,,N,7618,MS,Y,N,1,,,AVAILABLE
1,2,7618,5D,7,2,2C,,,N,7616,MS,Y,N,1,,,AVAILABLE
1,2,7650,5D,7,2,2C,,,N,7652,AF,Y,N,1,,,AVAILABLE
1,2,7652,5D,7,2,2C,,,N,7650,AF,Y,N,1,,,AVAILABLE
1,2,7682,5D,7,2,2C,,,N,7684,AF,Y,N,1,,,AVAILABLE
1,2,7684,5D,7,2,2C,,,N,7682,AF,Y,N,1,,,AVAILABLE
1,2,7694,5D,7,2,2C,,,N,7696,AF,Y,N,1,,,AVAILABLE
1,2,7696,5D,7,2,2C,,,N,7694,AF,Y,N,1,,,AVAILABLE
1,2,8218,5D,8,2,2C,,,N,8220,FW,Y,N,1,,,AVAILABLE
1,2,8220,5D,8,2,2C,,,N,8218,FW,Y,N,1,,,AVAILABLE
1,2,8234,5D,8,2,2C,,,N,8236,FW,Y,N,1,,,AVAILABLE
1,2,8236,5D,8,2,2C,,,N,8234,FW,Y,N,1,,,AVAILABLE
1,2,8260,5D,8,2,2C,,,N,8262,MS,Y,N,1,,,AVAILABLE
1,2,8262,5D,8,2,2C,,,N,8260,MS,Y,N,1,,,AVAILABLE
1,2,8300,5D,8,2,2C,,,N,8302,MS,Y,N,1,,,AVAILABLE
1,2,8302,5D,8,2,2C,,,N,8300,MS,Y,N,1,,,AVAILABLE
1,2,8304,5D,8,2,2C,,,N,8306,MS,Y,N,1,,,AVAILABLE
1,2,8306,5D,8,2,2C,,,N,8304,MS,Y,N,1,,,AVAILABLE
1,2,8312,5D,8,2,2C,,,N,8314,MS,Y,N,1,,,AVAILABLE
1,2,8314,5D,8,2,2C,,,N,8312,MS,Y,N,1,,,AVAILABLE
1,2,8316,5D,8,2,2C,,,N,8318,MS,Y,N,1,,,AVAILABLE
1,2,8318,5D,8,2,2C,,,N,8316,MS,Y,N,1,,,AVAILABLE
1,2,8326,5D,8,2,2C,,,N,8328,MS,Y,N,1,,,AVAILABLE
1,2,8328,5D,8,2,2C,,,N,8326,MS,Y,N,1,,,AVAILABLE
1,2,8380,5D,8,2,2C,,,N,8382,AF,Y,N,1,,,AVAILABLE
1,2,8382,5D,8,2,2C,,,N,8380,AF,Y,N,1,,,AVAILABLE
1,2,8518,5D,8,2,2C,,,N,8520,FW,Y,N,1,,,AVAILABLE
1,2,8520,5D,8,2,2C,,,N,8518,FW,Y,N,1,,,AVAILABLE
1,2,8600,5D,8,2,2C,,,N,8602,MS,Y,N,1,,,AVAILABLE
1,2,8602,5D,8,2,2C,,,N,8600,MS,Y,N,1,,,AVAILABLE
1,2,8604,5D,8,2,2C,,,N,8606,MS,Y,N,1,,,AVAILABLE
1,2,8606,5D,8,2,2C,,,N,8604,MS,Y,N,1,,,AVAILABLE
1,2,8612,5D,8,2,2C,,,N,8614,MS,Y,N,1,,,AVAILABLE
1,2,8614,5D,8,2,2C,,,N,8612,MS,Y,N,1,,,AVAILABLE
1,2,8616,5D,8,2,2C,,,N,8618,MS,Y,N,1,,,AVAILABLE
1,2,8618,5D,8,2,2C,,,N,8616,MS,Y,N,1,,,AVAILABLE
1,2,8626,5D,8,2,2C,,,N,8628,MS,Y,N,1,,,AVAILABLE
1,2,8628,5D,8,2,2C,,,N,8626,MS,Y,N,1,,,AVAILABLE
1,2,8680,5D,8,2,2C,,,N,8682,AF,Y,N,1,,,AVAILABLE
1,2,8682,5D,8,2,2C,,,N,8680,AF,Y,N,1,,,AVAILABLE
1,2,6253,2T,6,2,2C,,,N,6255,MS,N,N,1,,,AVAILABLE
1,2,6255,2T,6,2,2C,,,N,6253,MS,N,N,1,,,AVAILABLE
1,2,6257,2T,6,2,2C,,,N,6259,MS,N,N,1,,,AVAILABLE
1,2,6259,2T,6,2,2C,,,N,6257,MS,N,N,1,,,AVAILABLE
1,2,6261,2T,6,2,2C,,,N,6263,MS,N,N,1,,,AVAILABLE
1,2,6263,2T,6,2,2C,,,N,6261,MS,N,N,1,,,AVAILABLE
1,2,6279,2T,6,2,2C,,,N,6281,MS,N,N,1,,,AVAILABLE
1,2,6281,2T,6,2,2C,,,N,6279,MS,N,N,1,,,AVAILABLE
1,2,6287,2T,6,2,2C,,,N,6289,MS,N,N,1,,,AVAILABLE
1,2,6289,2T,6,2,2C,,,N,6287,MS,N,N,1,,,AVAILABLE
1,2,6291,2T,6,2,2C,,,N,6293,MS,N,N,1,,,AVAILABLE
1,2,6293,2T,6,2,2C,,,N,6291,MS,N,N,1,,,AVAILABLE
1,2,6295,2T,6,2,2C,,,N,6297,MS,N,N,1,,,AVAILABLE
1,2,6297,2T,6,2,2C,,,N,6295,MS,N,N,1,,,AVAILABLE
1,2,6305,2T,6,2,2C,,,N,6307,MS,N,N,1,,,AVAILABLE
1,2,6307,2T,6,2,2C,,,N,6305,MS,N,N,1,,,AVAILABLE
1,2,6309,2T,6,2,2C,,,N,6311,MS,N,N,1,,,AVAILABLE
1,2,6311,2T,6,2,2C,,,N,6309,MS,N,N,1,,,AVAILABLE
1,2,6321,2T,6,2,2C,,,N,6323,MS,N,N,1,,,AVAILABLE
1,2,6323,2T,6,2,2C,,,N,6321,MS,N,N,1,,,AVAILABLE
1,2,6553,2T,6,2,2C,,,N,6555,MS,N,N,1,,,AVAILABLE
1,2,6555,2T,6,2,2C,,,N,6553,MS,N,N,1,,,AVAILABLE
1,2,6557,2T,6,2,2C,,,N,6559,MS,N,N,1,,,AVAILABLE
1,2,6559,2T,6,2,2C,,,N,6557,MS,N,N,1,,,AVAILABLE
1,2,6561,2T,6,2,2C,,,N,6563,MS,N,N,1,,,AVAILABLE
1,2,6563,2T,6,2,2C,,,N,6561,MS,N,N,1,,,AVAILABLE
1,2,6575,2T,6,2,2C,,,N,6577,MS,N,N,1,,,AVAILABLE
1,2,6577,2T,6,2,2C,,,N,6575,MS,N,N,1,,,AVAILABLE
1,2,6579,2T,6,2,2C,,,N,6581,MS,N,N,1,,,AVAILABLE
1,2,6581,2T,6,2,2C,,,N,6579,MS,N,N,1,,,AVAILABLE
1,2,6587,2T,6,2,2C,,,N,6589,MS,N,N,1,,,AVAILABLE
1,2,6589,2T,6,2,2C,,,N,6587,MS,N,N,1,,,AVAILABLE
1,2,6591,2T,6,2,2C,,,N,6593,MS,N,N,1,,,AVAILABLE
1,2,6593,2T,6,2,2C,,,N,6591,MS,N,N,1,,,AVAILABLE
1,2,6595,2T,6,2,2C,,,N,6597,MS,N,N,1,,,AVAILABLE
1,2,6597,2T,6,2,2C,,,N,6595,MS,N,N,1,,,AVAILABLE
1,2,6605,2T,6,2,2C,,,N,6607,MS,N,N,1,,,AVAILABLE
1,2,6607,2T,6,2,2C,,,N,6605,MS,N,N,1,,,AVAILABLE
1,2,6609,2T,6,2,2C,,,N,6611,MS,N,N,1,,,AVAILABLE
1,2,6611,2T,6,2,2C,,,N,6609,MS,N,N,1,,,AVAILABLE
1,2,6621,2T,6,2,2C,,,N,6623,MS,N,N,1,,,AVAILABLE
1,2,6623,2T,6,2,2C,,,N,6621,MS,N,N,1,,,AVAILABLE
1,2,6625,2T,6,2,2C,,,N,6627,MS,N,N,1,,,AVAILABLE
1,2,6627,2T,6,2,2C,,,N,6625,MS,N,N,1,,,AVAILABLE
1,2,7253,2T,7,2,2C,,,N,7255,MS,N,N,1,,,AVAILABLE
1,2,7255,2T,7,2,2C,,,N,7253,MS,N,N,1,,,AVAILABLE
1,2,7257,2T,7,2,2C,,,N,7259,MS,N,N,1,,,AVAILABLE
1,2,7259,2T,7,2,2C,,,N,7257,MS,N,N,1,,,AVAILABLE
1,2,7261,2T,7,2,2C,,,N,7263,MS,N,N,1,,,AVAILABLE
1,2,7263,2T,7,2,2C,,,N,7261,MS,N,N,1,,,AVAILABLE
1,2,7275,2T,7,2,2C,,,N,7277,MS,N,N,1,,,AVAILABLE
1,2,7277,2T,7,2,2C,,,N,7275,MS,N,N,1,,,AVAILABLE
1,2,7279,2T,7,2,2C,,,N,7281,MS,N,N,1,,,AVAILABLE
1,2,7281,2T,7,2,2C,,,N,7279,MS,N,N,1,,,AVAILABLE
1,2,7287,2T,7,2,2C,,,N,7289,MS,N,N,1,,,AVAILABLE
1,2,7289,2T,7,2,2C,,,N,7287,MS,N,N,1,,,AVAILABLE
1,2,7291,2T,7,2,2C,,,N,7293,MS,N,N,1,,,AVAILABLE
1,2,7293,2T,7,2,2C,,,N,7291,MS,N,N,1,,,AVAILABLE
1,2,7311,2T,7,2,2C,,,N,7313,MS,N,N,1,,,AVAILABLE
1,2,7313,2T,7,2,2C,,,N,7311,MS,N,N,1,,,AVAILABLE
1,2,7321,2T,7,2,2C,,,N,7323,MS,N,N,1,,,AVAILABLE
1,2,7323,2T,7,2,2C,,,N,7321,MS,N,N,1,,,AVAILABLE
1,2,7325,2T,7,2,2C,,,N,7327,MS,N,N,1,,,AVAILABLE
1,2,7327,2T,7,2,2C,,,N,7325,MS,N,N,1,,,AVAILABLE
1,2,7553,2T,7,2,2C,,,N,7555,MS,N,N,1,,,AVAILABLE
1,2,7555,2T,7,2,2C,,,N,7553,MS,N,N,1,,,AVAILABLE
1,2,7557,2T,7,2,2C,,,N,7559,MS,N,N,1,,,AVAILABLE
1,2,7559,2T,7,2,2C,,,N,7557,MS,N,N,1,,,AVAILABLE
1,2,7561,2T,7,2,2C,,,N,7563,MS,N,N,1,,,AVAILABLE
1,2,7563,2T,7,2,2C,,,N,7561,MS,N,N,1,,,AVAILABLE
1,2,7575,2T,7,2,2C,,,N,7577,MS,N,N,1,,,AVAILABLE
1,2,7577,2T,7,2,2C,,,N,7575,MS,N,N,1,,,AVAILABLE
1,2,7579,2T,7,2,2C,,,N,7581,MS,N,N,1,,,AVAILABLE
1,2,7581,2T,7,2,2C,,,N,7579,MS,N,N,1,,,AVAILABLE
1,2,7587,2T,7,2,2C,,,N,7589,MS,N,N,1,,,AVAILABLE
1,2,7589,2T,7,2,2C,,,N,7587,MS,N,N,1,,,AVAILABLE
1,2,7591,2T,7,2,2C,,,N,7593,MS,N,N,1,,,AVAILABLE
1,2,7593,2T,7,2,2C,,,N,7591,MS,N,N,1,,,AVAILABLE
1,2,7595,2T,7,2,2C,,,N,7597,MS,N,N,1,,,AVAILABLE
1,2,7597,2T,7,2,2C,,,N,7595,MS,N,N,1,,,AVAILABLE
1,2,7611,2T,7,2,2C,,,N,7613,MS,N,N,1,,,AVAILABLE
1,2,7613,2T,7,2,2C,,,N,7611,MS,N,N,1,,,AVAILABLE
1,2,7615,2T,7,2,2C,,,N,7617,MS,N,N,1,,,AVAILABLE
1,2,7617,2T,7,2,2C,,,N,7615,MS,N,N,1,,,AVAILABLE
1,2,7621,2T,7,2,2C,,,N,7623,MS,N,N,1,,,AVAILABLE
1,2,7623,2T,7,2,2C,,,N,7621,MS,N,N,1,,,AVAILABLE
1,2,7625,2T,7,2,2C,,,N,7627,MS,N,N,1,,,AVAILABLE
1,2,7627,2T,7,2,2C,,,N,7625,MS,N,N,1,,,AVAILABLE
1,2,8253,2T,8,2,2C,,,N,8255,MS,N,N,1,,,AVAILABLE
1,2,8255,2T,8,2,2C,,,N,8253,MS,N,N,1,,,AVAILABLE
1,2,8257,2T,8,2,2C,,,N,8259,MS,N,N,1,,,AVAILABLE
1,2,8259,2T,8,2,2C,,,N,8257,MS,N,N,1,,,AVAILABLE
1,2,8261,2T,8,2,2C,,,N,8263,MS,N,N,1,,,AVAILABLE
1,2,8263,2T,8,2,2C,,,N,8261,MS,N,N,1,,,AVAILABLE
1,2,8275,2T,8,2,2C,,,N,8277,MS,N,N,1,,,AVAILABLE
1,2,8277,2T,8,2,2C,,,N,8275,MS,N,N,1,,,AVAILABLE
1,2,8279,2T,8,2,2C,,,N,8281,MS,N,N,1,,,AVAILABLE
1,2,8281,2T,8,2,2C,,,N,8279,MS,N,N,1,,,AVAILABLE
1,2,8287,2T,8,2,2C,,,N,8289,MS,N,N,1,,,AVAILABLE
1,2,8289,2T,8,2,2C,,,N,8287,MS,N,N,1,,,AVAILABLE
1,2,8291,2T,8,2,2C,,,N,8293,MS,N,N,1,,,AVAILABLE
1,2,8293,2T,8,2,2C,,,N,8291,MS,N,N,1,,,AVAILABLE
1,2,8295,2T,8,2,2C,,,N,8297,MS,N,N,1,,,AVAILABLE
1,2,8297,2T,8,2,2C,,,N,8295,MS,N,N,1,,,AVAILABLE
1,2,8311,2T,8,2,2C,,,N,8313,MS,N,N,1,,,AVAILABLE
1,2,8313,2T,8,2,2C,,,N,8311,MS,N,N,1,,,AVAILABLE
1,2,8321,2T,8,2,2C,,,N,8323,MS,N,N,1,,,AVAILABLE
1,2,8323,2T,8,2,2C,,,N,8321,MS,N,N,1,,,AVAILABLE
1,2,8325,2T,8,2,2C,,,N,8327,MS,N,N,1,,,AVAILABLE
1,2,8327,2T,8,2,2C,,,N,8325,MS,N,N,1,,,AVAILABLE
1,2,8553,2T,8,2,2C,,,N,8555,MS,N,N,1,,,AVAILABLE
1,2,8555,2T,8,2,2C,,,N,8553,MS,N,N,1,,,AVAILABLE
1,2,8557,2T,8,2,2C,,,N,8559,MS,N,N,1,,,AVAILABLE
1,2,8559,2T,8,2,2C,,,N,8557,MS,N,N,1,,,AVAILABLE
1,2,8561,2T,8,2,2C,,,N,8563,MS,N,N,1,,,AVAILABLE
1,2,8563,2T,8,2,2C,,,N,8561,MS,N,N,1,,,AVAILABLE
1,2,8575,2T,8,2,2C,,,N,8577,MS,N,N,1,,,AVAILABLE
1,2,8577,2T,8,2,2C,,,N,8575,MS,N,N,1,,,AVAILABLE
1,2,8579,2T,8,2,2C,,,N,8581,MS,N,N,1,,,AVAILABLE
1,2,8581,2T,8,2,2C,,,N,8579,MS,N,N,1,,,AVAILABLE
1,2,8587,2T,8,2,2C,,,N,8589,MS,N,N,1,,,AVAILABLE
1,2,8589,2T,8,2,2C,,,N,8587,MS,N,N,1,,,AVAILABLE
1,2,8591,2T,8,2,2C,,,N,8593,MS,N,N,1,,,AVAILABLE
1,2,8593,2T,8,2,2C,,,N,8591,MS,N,N,1,,,AVAILABLE
1,2,8595,2T,8,2,2C,,,N,8597,MS,N,N,1,,,AVAILABLE
1,2,8597,2T,8,2,2C,,,N,8595,MS,N,N,1,,,AVAILABLE
1,2,8611,2T,8,2,2C,,,N,8613,MS,N,N,1,,,AVAILABLE
1,2,8613,2T,8,2,2C,,,N,8611,MS,N,N,1,,,AVAILABLE
1,2,8615,2T,8,2,2C,,,N,8617,MS,N,N,1,,,AVAILABLE
1,2,8617,2T,8,2,2C,,,N,8615,MS,N,N,1,,,AVAILABLE
1,2,8621,2T,8,2,2C,,,N,8623,MS,N,N,1,,,AVAILABLE
1,2,8623,2T,8,2,2C,,,N,8621,MS,N,N,1,,,AVAILABLE
1,2,8625,2T,8,2,2C,,,N,8627,MS,N,N,1,,,AVAILABLE
1,2,8627,2T,8,2,2C,,,N,8625,MS,N,N,1,,,AVAILABLE
1,2,1248,GS,10,4,2C,SD,,N,,MS,Y,N,1,,,AVAILABLE
1,3,1252,GS,10,4,2C,SD,,N,,MS,Y,N,1,,,AVAILABLE
1,4,1256,GS,10,4,2C,SD,,N,,MS,Y,N,1,,,AVAILABLE
1,4,1260,GS,10,4,2C,SD,,N,,MS,Y,N,1,,,AVAILABLE
1,4,1264,GS,10,4,2C,SD,,N,,MS,Y,N,1,,,AVAILABLE
1,4,1268,GS,10,4,2C,SD,,N,,MS,Y,N,1,,,AVAILABLE
1,4,1274,GS,10,4,2C,SD,,N,1270,MS,Y,N,1,,,AVAILABLE
1,4,1278,GS,10,4,2C,SD,,N,,MS,Y,N,1,,,AVAILABLE
1,4,1282,GS,10,4,2C,SD,,N,,MS,Y,N,1,,,AVAILABLE
1,4,1286,GS,10,4,2C,SD,,N,1288,MS,Y,N,1,,,AVAILABLE
1,4,1298,GS,10,4,2C,SD,,N,,MS,Y,N,1,,,AVAILABLE
1,4,1548,GS,10,4,2C,SD,,N,,MS,Y,N,1,,,AVAILABLE
1,4,1552,GS,10,4,2C,SD,,N,,MS,Y,N,1,,,AVAILABLE
1,4,1556,GS,10,4,2C,SD,,N,,MS,Y,N,1,,,AVAILABLE
1,4,1560,GS,10,4,2C,SD,,N,,MS,Y,N,1,,,AVAILABLE
1,4,1564,GS,10,4,2C,SD,,N,,MS,Y,N,1,,,AVAILABLE
1,4,1568,GS,10,4,2C,SD,,N,,MS,Y,N,1,,,AVAILABLE
1,4,1574,GS,10,4,2C,SD,,N,1570,MS,Y,N,1,,,AVAILABLE
1,4,1578,GS,10,4,2C,SD,,N,,MS,Y,N,1,,,AVAILABLE
1,4,1582,GS,10,4,2C,SD,,N,,MS,Y,N,1,,,AVAILABLE
1,4,1586,GS,10,4,2C,SD,,N,1588,MS,Y,N,1,,,AVAILABLE
1,4,1598,GS,10,4,2C,SD,,N,,MS,Y,N,1,,,AVAILABLE
1,4,8414,GT,8,8,2C,4B,2,N,8412,AF,Y,N,1,,,AVAILABLE
1,5,8714,GT,8,8,2C,4B,2,N,8712,AF,Y,N,1,,,AVAILABLE
1,6,9408,GT,9,8,2C,4B,2,N,9406,AF,Y,N,1,,,AVAILABLE
1,7,9708,GT,9,8,2C,4B,2,N,9706,AF,Y,N,1,,,AVAILABLE
1,8,X003,GT,9,8,2C,4B,2,N,9706,AF,Y,N,1,,,AVAILABLE
1,2,1102,J3,11,4,2C,SD,,N,,MS,Y,N,1,,,AVAILABLE
1,3,1104,J3,11,4,2C,SD,,N,,MS,Y,N,1,,,AVAILABLE
1,4,1106,J3,11,4,2C,SD,,N,,MS,Y,N,1,,,AVAILABLE
1,4,1152,J3,11,4,2C,SD,,N,,MS,Y,N,1,,,AVAILABLE
1,4,1154,J3,11,4,2C,SD,,N,,MS,Y,N,1,,,AVAILABLE
1,4,1156,J3,11,4,2C,SD,,N,,MS,Y,N,1,,,AVAILABLE
1,4,1300,J3,10,4,2C,SD,,N,1302,MS,Y,N,1,,,AVAILABLE
1,4,1302,J3,10,4,2C,SD,,N,1300,MS,Y,N,1,,,AVAILABLE
1,4,1328,J3,10,6,2C,2C,2,Y,,MS,Y,N,1,,,AVAILABLE
1,4,1372,J3,10,4,2C,SD,,N,1370,AF,Y,N,1,,,AVAILABLE
1,4,1378,J3,10,4,2C,SD,,N,,AF,Y,N,1,,,AVAILABLE
1,4,1600,J3,10,4,2C,SD,,N,1602,MS,Y,N,1,,,AVAILABLE
1,4,1602,J3,10,4,2C,SD,,N,1600,MS,Y,N,1,,,AVAILABLE
1,4,1628,J3,10,4,2C,SD,,Y,1630,MS,Y,N,1,,,AVAILABLE
1,4,9270,J3,9,4,2C,SD,,N,,MS,Y,N,1,,,AVAILABLE
1,4,9272,J3,9,4,2C,SD,,N,,MS,Y,N,1,,,AVAILABLE
1,4,9280,J3,9,4,2C,SD,,N,,MS,Y,N,1,,,AVAILABLE
1,4,9284,J3,9,4,2C,SD,,N,,MS,Y,N,1,,,AVAILABLE
1,4,9294,J3,9,4,2C,SD,,N,,MS,Y,N,1,,,AVAILABLE
1,4,9298,J3,9,4,2C,SD,,N,,MS,Y,N,1,,,AVAILABLE
1,4,9326,J3,9,4,2C,SD,,N,,MS,Y,N,1,,,AVAILABLE
1,4,9570,J3,9,4,2C,SD,,N,,MS,Y,N,1,,,AVAILABLE
1,4,9572,J3,9,4,2C,SD,,N,,MS,Y,N,1,,,AVAILABLE
1,4,9580,J3,9,4,2C,SD,,N,,MS,Y,N,1,,,AVAILABLE
1,4,9584,J3,9,4,2C,SD,,N,,MS,Y,N,1,,,AVAILABLE
1,4,9594,J3,9,4,2C,SD,,N,,MS,Y,N,1,,,AVAILABLE
1,4,9598,J3,9,4,2C,SD,,N,,MS,Y,N,1,,,AVAILABLE
1,4,9626,J3,9,4,2C,SD,,N,,MS,Y,N,1,,,AVAILABLE
1,2,1240,J4,10,2,2C,,,N,,FW,Y,N,1,,,AVAILABLE
1,2,1244,J4,10,2,2C,,,N,,MS,Y,N,1,,,AVAILABLE
1,2,1290,J4,10,2,2C,,,N,,MS,Y,N,1,,,AVAILABLE
1,2,1294,J4,10,2,2C,,,N,,MS,Y,N,1,,,AVAILABLE
1,2,1312,J4,10,2,2C,,,N,1316,MS,Y,N,1,,,AVAILABLE
1,2,1316,J4,10,2,2C,,,N,1312,MS,Y,N,1,,,AVAILABLE
1,2,1356,J4,10,2,2C,,,N,1360,AF,Y,N,1,,,AVAILABLE
1,2,1360,J4,10,2,2C,,,N,1356,AF,Y,N,1,,,AVAILABLE
1,2,1364,J4,10,2,2C,,,N,,AF,Y,N,1,,,AVAILABLE
1,2,1366,J4,10,2,2C,,,N,,AF,Y,N,1,,,AVAILABLE
1,2,1370,J4,10,2,2C,,,N,1372,AF,Y,N,1,,,AVAILABLE
1,2,1374,J4,10,2,2C,,,N,,AF,Y,N,1,,,AVAILABLE
1,2,1540,J4,10,2,2C,,,N,,FW,Y,N,1,,,AVAILABLE
1,2,1544,J4,10,2,2C,,,N,,MS,Y,N,1,,,AVAILABLE
1,2,1590,J4,10,2,2C,,,N,,MS,Y,N,1,,,AVAILABLE
1,2,1594,J4,10,2,2C,,,N,,MS,Y,N,1,,,AVAILABLE
1,2,1612,J4,10,2,2C,,,N,1616,MS,Y,N,1,,,AVAILABLE
1,2,1616,J4,10,2,2C,,,N,1612,MS,Y,N,1,,,AVAILABLE
1,2,1656,J4,10,2,2C,,,N,1660,AF,Y,N,1,,,AVAILABLE
1,2,1660,J4,10,2,2C,,,N,1656,AF,Y,N,1,,,AVAILABLE
1,2,1664,J4,10,2,2C,,,N,,AF,Y,N,1,,,AVAILABLE
1,2,1666,J4,10,2,2C,,,N,,AF,Y,N,1,,,AVAILABLE
1,2,1670,J4,10,2,2C,,,N,1672,AF,Y,N,1,,,AVAILABLE
1,2,1672,J4,10,2,2C,,,N,1670,AF,Y,N,1,,,AVAILABLE
1,2,1674,J4,10,2,2C,,,N,,AF,Y,N,1,,,AVAILABLE
1,2,1678,J4,10,2,2C,,,N,,AF,Y,N,1,,,AVAILABLE
1,2,9234,J4,9,2,2C,,,N,9238,FW,Y,N,1,,,AVAILABLE
1,2,9238,J4,9,2,2C,,,N,9234,FW,Y,N,1,,,AVAILABLE
1,2,9244,J4,9,2,2C,,,N,,MS,Y,N,1,,,AVAILABLE
1,2,9248,J4,9,2,2C,,,N,,MS,Y,N,1,,,AVAILABLE
1,2,9254,J4,9,2,2C,,,N,,MS,Y,N,1,,,AVAILABLE
1,2,9258,J4,9,2,2C,,,N,,MS,Y,N,1,,,AVAILABLE
1,2,9264,J4,9,2,2C,,,N,,MS,Y,N,1,,,AVAILABLE
1,2,9268,J4,9,2,2C,,,N,,MS,Y,N,1,,,AVAILABLE
1,2,9328,J4,9,2,2C,,,N,,MS,Y,N,1,,,AVAILABLE
1,2,9334,J4,9,2,2C,,,N,9332,MS,Y,N,1,,,AVAILABLE
1,2,9338,J4,9,2,2C,,,N,,MS,Y,N,1,,,AVAILABLE
1,2,9344,J4,9,2,2C,,,N,,MS,Y,N,1,,,AVAILABLE
1,2,9348,J4,9,2,2C,,,N,,MS,Y,N,1,,,AVAILABLE
1,2,9350,J4,9,2,2C,,,N,9354,MS,Y,N,1,,,AVAILABLE
1,2,9354,J4,9,2,2C,,,N,9350,MS,Y,N,1,,,AVAILABLE
1,2,9534,J4,9,2,2C,,,N,9538,FW,Y,N,1,,,AVAILABLE
1,2,9538,J4,9,2,2C,,,N,9534,FW,Y,N,1,,,AVAILABLE
1,2,9544,J4,9,2,2C,,,N,,MS,Y,N,1,,,AVAILABLE
1,2,9548,J4,9,2,2C,,,N,,MS,Y,N,1,,,AVAILABLE
1,2,9554,J4,9,2,2C,,,N,,MS,Y,N,1,,,AVAILABLE
1,2,9558,J4,9,2,2C,,,N,,MS,Y,N,1,,,AVAILABLE
1,2,9564,J4,9,2,2C,,,N,,MS,Y,N,1,,,AVAILABLE
1,2,9568,J4,9,2,2C,,,N,,MS,Y,N,1,,,AVAILABLE
1,2,9628,J4,9,2,2C,,,N,,MS,Y,N,1,,,AVAILABLE
1,2,9634,J4,9,2,2C,,,N,9632,MS,Y,N,1,,,AVAILABLE
1,2,9638,J4,9,2,2C,,,N,,MS,Y,N,1,,,AVAILABLE
1,2,9644,J4,9,2,2C,,,N,,MS,Y,N,1,,,AVAILABLE
1,2,9648,J4,9,2,2C,,,N,,MS,Y,N,1,,,AVAILABLE
1,2,9650,J4,9,2,2C,,,N,9654,MS,Y,N,1,,,AVAILABLE
1,2,9654,J4,9,2,2C,,,N,9650,MS,Y,N,1,,,AVAILABLE
1,2,1406,J4,10,4,2C,SD,,N,1404,AF,Y,N,1,,,AVAILABLE
1,2,1706,J4,10,4,2C,SD,,N,1704,AF,Y,N,1,,,AVAILABLE
1,2,6418,J4,6,4,2C,SD,,N,,MS,Y,N,1,,,AVAILABLE
1,2,6420,J4,6,4,2C,SD,,N,,MS,Y,N,1,,,AVAILABLE
1,2,6718,J4,6,4,2C,SD,,N,,MS,Y,N,1,,,AVAILABLE
1,2,6720,J4,6,4,2C,SD,,N,,MS,Y,N,1,,,AVAILABLE
1,2,7412,J4,7,4,2C,SD,,N,,AF,Y,Y,1,,,AVAILABLE
1,2,7414,J4,7,4,2C,SD,,N,,AF,Y,Y,1,,,AVAILABLE
1,2,7712,J4,7,4,2C,SD,,N,,AF,Y,Y,1,,,AVAILABLE
1,2,7714,J4,7,4,2C,SD,,N,,AF,Y,Y,1,,,AVAILABLE
1,2,1320,OS,10,4,2C,SD,,N,,MS,Y,N,1,,,AVAILABLE
1,3,1334,OS,10,4,2C,SD,,N,,MS,Y,N,1,,,AVAILABLE
1,4,1340,OS,10,4,2C,SD,,N,,MS,Y,N,1,,,AVAILABLE
1,4,1348,OS,10,4,2C,SD,,N,,MS,Y,N,1,,,AVAILABLE
1,4,1350,OS,10,4,2C,SD,,N,,MS,Y,N,1,,,AVAILABLE
1,4,1620,OS,10,4,2C,SD,,N,,MS,Y,N,1,,,AVAILABLE
1,4,1648,OS,10,4,1K,SD,,N,,MS,Y,N,1,,,AVAILABLE
1,4,1650,OS,10,4,2C,SD,,N,,MS,Y,N,1,,,AVAILABLE
1,2,6410,4B,6,3,2C,,1,N,,AF,Y,Y,1,,,AVAILABLE
1,2,6412,4B,6,3,2C,,1,N,,AF,Y,Y,1,,,AVAILABLE
1,2,6710,4B,6,3,2C,,1,N,,AF,Y,Y,1,,,AVAILABLE
1,2,6712,4B,6,3,2C,,1,N,,AF,Y,Y,1,,,AVAILABLE
1,2,7408,4B,7,3,2C,,1,N,,AF,Y,Y,1,,,AVAILABLE
1,2,7410,4B,7,3,2C,,1,N,,AF,Y,Y,1,,,AVAILABLE
1,2,7708,4B,7,3,2C,,1,N,,AF,Y,Y,1,,,AVAILABLE
1,2,7710,4B,7,3,2C,,1,N,,AF,Y,Y,1,,,AVAILABLE
1,2,8410,4B,8,3,2C,,1,N,,AF,Y,N,1,,,AVAILABLE
1,2,8412,4B,8,3,2C,,1,N,8414,AF,Y,N,1,,,AVAILABLE
1,2,8710,4B,8,3,2C,,1,N,,AF,Y,N,1,,,AVAILABLE
1,2,8712,4B,8,3,2C,,1,N,8714,AF,Y,N,1,,,AVAILABLE
1,2,9404,4B,9,2,2C,,,N,,AF,Y,N,1,,,AVAILABLE
1,2,9406,4B,9,2,2C,,,N,9408,AF,Y,N,1,,,AVAILABLE
1,2,9704,4B,9,2,2C,,,N,,AF,Y,N,1,,,AVAILABLE
1,2,9706,4B,9,2,2C,,,N,9708,AF,Y,N,1,,,AVAILABLE
1,4,1400,GS,10,4,2C,SD,,N,,AF,Y,N,1,,,AVAILABLE
1,4,1402,GS,10,4,2C,SD,,N,,AF,Y,N,1,,,AVAILABLE
1,4,1404,GS,10,4,2C,SD,,N,1406,AF,Y,N,1,,,AVAILABLE
1,4,1700,GS,10,4,2C,SD,,N,,AF,Y,N,1,,,AVAILABLE
1,4,1702,GS,10,4,2C,SD,,N,,AF,Y,N,1,,,AVAILABLE
1,4,1704,GS,10,4,2C,SD,,N,1706,AF,Y,N,1,,,AVAILABLE
1,4,1804,VP,12,6,2C,2C,2,N,,FW,N,N,1,,,AVAILABLE
1,5,1854,VP,12,6,2C,2C,2,N,,FW,N,N,1,,,AVAILABLE
1,6,X002,VP,12,6,2C,2C,2,N,,FW,N,N,1,,,AVAILABLE
